job_id,更新日期,查詢職類,查詢關鍵字,職務類別,職缺名稱,公司名稱,公司連結,產業別,上班地點,地區,城市,國家,薪資,薪資下限,薪資上限,職缺描述,職務需求,工作經歷要求,學歷要求,科系要求,擅長工具,中文聽力,中文口說,中文閱讀,中文寫作,英文聽力,英文口說,英文閱讀,英文寫作,日文聽力,日文口說,日文閱讀,日文寫作,台語聽力,台語口說,台語閱讀,台語寫作,其他條件,福利制度,法定福利,其他福利,面試流程,職缺連結,爬取時間,技能原文,技能,技能原文向量,技能向量,職缺技能向量清單
8rcdu,2025/07/12,2007001001,Angular,軟體工程師、MES工程師、軟體專案主管,MES主任工程師(需派駐海外)【MIS】,兆利科技工業股份有限公司,https://www.104.com.tw/company/cl1dkxk,電腦及其週邊設備製造業,新北市新莊區五工五路13號,新莊區,新北市,台灣,待遇面議,0,0,1. 負責MES系統的評估/導入/開發/維護。 2. 熟悉機台通訊&數據採集。 3. 執行智慧製造系統整合，例如整合ERP、可視化、API整合。 4. MES報表/可視化開發與維護。 5. 支援e化開發/維護。,,5年以上,專科以上,資訊管理相關、資訊工程相關,Word、PowerPoint、Excel、MES、C#、Angular、MS SQL,,,,,中等,中等,中等,中等,,,,,,,,,"1.熟悉C#語言
2.熟悉MQTT/IOT架構
3.熟悉 WebAPI 開發
4.熟悉前端框架（Angular 或 Vue）較佳
5.熟悉influxDB, MongoDB, MS SQL較佳
6.熟悉Docker, Git等DevOps工具較佳
7.熟悉streaming platform如Kafka較佳

※此職務初期在台北廠區受訓，結訓後將長駐於海外廠區(東亞地區)管理IT團隊、並且回報台北集團資訊處。

",員工紅利、年終獎金、三節獎金/禮品、員工餐廳、醫務室、結婚禮金、生育津貼、社團補助、住院慰問金、社團活動、特約商店、內部講師鐘點費、停車位,哺乳室、週休二日、家庭照顧假、勞保、健保、陪產假、產假、特別休假、育嬰留停、女性生理假、勞退提撥金、安胎假、產檢假、就業保險、防疫照顧假、員工體檢、職災保險,"【法定義務】勞保、健保、勞退新制 。
【法定休假】週休二日(加上國定假日)、婚假、產假、陪產假、特休假。
【保險福利】公務出差同仁旅行平安保險。
【膳食福利】員工餐廳供膳選擇。
【衣著福利】提供員工制服，特定區域提供相關防護器具。
【進修福利】完整的教育訓練、在職進修補助、外訓專業課程安排費用補助、內部講師培育，並提供內部講師獎勵金。
【獎金福利】年終獎金、員工紅利、 獎勵獎金、專利獎金 、生產績效奬金 、年度全勤獎金 、年度資深員工獎金。
【娛樂福利】年度員工旅遊、年度員工聚餐、年終尾牙歲末餐會暨摸彩活動 。
【其他福利】員工定期健康檢查、三節禮金、生日禮金、各類婚喪喜慶補助、各類特約商店享員工優惠折扣、多元社團活動補助、運動競賽獎勵。
【促進勞資關係和諧】定期召開勞資(安)會議，健全的員工意見反應管道，每年實施員工滿意度調查。
",,https://www.104.com.tw/job/8rcdu,2025-07-18 00:13:55,"1. 負責MES系統的評估/導入/開發/維護。 2. 熟悉機台通訊&數據採集。 3. 執行智慧製造系統整合，例如整合ERP、可視化、API整合。 4. MES報表/可視化開發與維護。 5. 支援e化開發/維護。
Word、PowerPoint、Excel、MES、C#、Angular、MS SQL
nan","MES（Manufacturing Execution System）: 系統評估、導入、開發與維護; 製造執行系統的架構與流程理解  
機台通訊（Machine Communication）: 與機台進行資料交換與通訊協定理解  
數據採集（Data Acquisition）: 監控與收集生產數據，資料傳輸與存儲  
智慧製造系統整合（Smart Manufacturing System Integration）: 整合ERP系統、API串接、系統整合流程  
API整合（API Integration）: 使用API進行系統間資料傳輸與整合  
報表與可視化開發（Reporting & Visualization Development）: 使用MES報表工具與前端技術進行資料呈現與分析  
前端框架Angular（Angular）: 前端界面開發與用戶互動設計  
資料庫管理（Database Management）: MS SQL資料庫設計、查詢與維護  
程式語言C#（C#）: 伺服端開發、系統功能實作與維護  
辦公軟體（Word、PowerPoint、Excel）: 文件撰寫、報告製作與資料分析輔助  
電子化支援（e化 Support）: 系統電子化開發與維護流程的支援","[0.00071511924, 0.11159205, 0.11187126, -0.031644117, 0.030620337, -0.0034087228, -0.013611624, 0.10963756, -0.07357257, -0.024873206, 0.06412587, 0.016357217, -0.10973063, 0.012971762, 0.046163183, 0.017183222, -0.11457032, -0.012110855, -0.012518041, 0.0030364392, 0.038135815, 0.14509758, 0.03348227, 0.020603579, 0.015438141, 0.055796023, -0.0045953775, 0.1104752, -0.020545408, -0.07185076, 0.018183734, -0.044674046, 0.014274755, 0.03243522, 0.07617856, 0.10852071, 0.012925226, 0.008440371, 0.014507432, -0.04178885, 0.00305389, 0.04083487, 0.030480731, -0.0341803, -0.011575697, -0.035855576, -0.1511472, 0.021860035, 0.105542436, 0.045441885, -0.04199826, -0.04288243, 0.15905823, 0.050677124, 0.011063807, -0.043627, 0.056773268, -0.023593482, -0.03385455, 0.03532042, 0.100330465, -0.07357257, 0.0018919576, 0.09874826, -0.10907913, -0.06333477, -0.07096659, -0.044371568, -0.0049502105, -0.061101068, 0.020545408, 0.03234215, -0.032900576, -0.05481878, 0.07064084, 0.052585077, 0.03622786, 0.034366444, -0.02196474, -0.020417435, -0.019742671, -0.04241708, -0.0057587638, -0.086137146, 0.015752256, -0.08967385, 0.024198443, -0.119037725, -0.08469455, -0.058355473, -0.082553916, 0.07985486, -0.043347787, 0.017194854, 0.0071373773, 0.09856212, 0.010487931, -0.038531367, -0.07687659, 0.031993132, 0.05854162, -0.06966359, -0.050444447, 0.05933272, -0.058634687, -0.07385179, -0.013716329, -0.072781466, 0.002668518, 0.06342784, -0.13904798, -0.019986983, -0.0009881515, 0.005191613, 0.04646566, 0.028270295, 0.045092866, -0.11968922, -0.00023685825, -0.0407418, -0.016089637, 0.04956027, -0.0031149678, -0.102098815, -0.08287966, 0.091907546, -0.0016563718, 0.010883482, 0.02464053, 0.04576763, -0.0016781853, -0.09083723, 0.18437351, -0.070175484, 0.01703198, -0.0037315628, -0.014007175, 0.008911542, -0.067290284, 0.044906724, 0.04709389, 0.017532237, 0.021650625, 0.050118696, -0.06682493, -0.13904798, -0.02822376, 0.018137198, 0.04167251, 0.038205616, -0.0025463626, -0.02843317, -0.16026814, -0.040043768, 0.055144526, -0.051980115, 0.017322827, 0.0019544896, -0.082414314, -0.11457032, 0.0167295, -0.017892886, 0.0029899038, 0.0023471327, 0.041207157, -0.028247029, 0.01631068, 0.08939463, -0.054493032, 0.037088767, -0.07957565, -0.08837085, 0.1024711, -0.004182375, -0.014902983, -0.019684503, 0.009155853, -0.14770357, -0.048722632, -0.0035861393, -0.11512874, 0.06189217, -0.05882083, -0.033924356, -0.085578725, -0.12797253, -0.036274396, 0.10703157, 0.01339058, 0.0051538027, -0.08748668, 0.07329336, 0.049467202, 0.054120746, 0.040369518, -0.09912054, -0.0073875054, -0.021697162, 0.01206432, -0.04288243, 0.030829746, -0.011750205, 0.15393932, -0.02217415, -0.015728988, 0.02626927, 0.014542333, 0.05430689, 0.020987496, -0.057192087, 0.116710946, 0.088324316, 0.052771218, 0.10088889, -0.1411886, 0.08306581, 0.028316831, 0.03704223, 0.014507432, -0.050723657, 0.010051661, -0.02843317, 0.054120746, -0.000841274, -0.043045305, 0.16836531, -0.0057587638, -0.05211972, 0.059193112, -0.110102914, -0.031876795, -0.010295972, -0.06631304, 0.023721455, -0.08274006, 0.01955653, -0.045092866, 0.010610086, -0.07338643, 0.008492722, 0.032574825, 5.3533964e-05, 0.04997909, -0.047791924, 0.009289643, 0.03134164, 0.008108805, -0.03697243, 0.017439166, -0.051049408, 0.1770209, -0.034157034, 0.07310722, -0.00392643, 0.005142169, -0.0486761]","[-0.044074696, 0.10106521, 0.12063463, -0.010159793, 0.022765765, 0.010491386, -0.042639602, 0.047227547, -0.0038758335, -0.024874914, 0.055620655, -0.025962103, -0.14316122, -0.01748202, 0.017590739, 0.010763184, -0.08358319, 0.020993644, -0.026918832, 0.028310435, 0.0389649, 0.09506392, 0.04187857, 0.034289982, 0.01274187, 0.009485736, 0.023113666, 0.11611192, -0.025288045, -0.08206112, 0.0077897185, -0.0642312, 0.06266565, -0.012578792, 0.13168049, 0.118373275, 0.010534874, 0.021754678, 0.025614204, -0.012894076, 0.045444556, 0.08010418, -0.0153728705, -0.00037643962, -0.03359418, -0.071276195, -0.13315907, -0.037116677, 0.0687974, 0.063883305, -0.03376813, 0.010322872, 0.049141, 0.007148276, -0.017047144, -0.019275883, 0.007278739, 0.042074263, 0.045096654, -0.0009438171, 0.11663377, -0.07884304, -0.05353325, 0.022483096, -0.11767747, -0.030550048, -0.016079545, -0.038377818, -0.020928413, -0.08462689, 0.012578792, 0.046575233, -0.088714726, -0.013861676, 0.03833433, 0.025092352, -0.013100643, 0.08658383, 0.0036529594, -0.0007392894, -0.006756888, -0.005946931, 0.02051528, -0.147423, 0.016525293, -0.026418723, -0.02920193, -0.08101742, -0.06536188, -0.015068457, -0.08823636, 0.10941483, -0.038247354, 0.03537717, 0.0017340685, 0.05718621, 0.0035632662, -0.08941053, -0.1362032, 0.07084132, 0.0874101, -0.16716638, -0.036551338, 0.027484171, -0.035899024, -0.121939264, 0.083148316, -0.083409235, -0.035725072, 0.02073272, -0.1453356, -0.029093212, -0.07610332, 0.029180188, 0.082496, 0.013383312, 0.005816468, -0.07271129, -0.04827125, -0.03450742, -0.018330028, 0.028397411, 0.013568135, -0.100630336, -0.05718621, 0.08571408, 0.009018243, 0.0054441052, -0.026810111, 0.011089341, 0.009387888, -0.06910182, 0.09923873, -0.091671884, 0.046357792, -0.04461829, -0.03228955, 0.037290625, -0.09602065, -0.0060665216, 0.109066926, -0.0035931638, -0.03689924, 0.07349406, -0.060491268, -0.07627727, -0.048662636, -0.011404626, 0.0003164743, -0.029593319, -0.0007963669, -0.039117105, -0.16368736, -0.02604908, 0.058229912, -0.052489545, 0.0002850477, 0.0484452, -0.022015603, -0.07984325, 0.029636808, -0.06453562, 0.048662636, 0.031071898, -0.0023823057, -0.007083045, 0.045270603, 0.060665216, -0.07427684, -0.00871383, -0.07545101, -0.09315047, 0.060969632, -0.013524647, 0.011904733, -0.04335715, 0.061578456, -0.14594442, -0.06605768, -0.04753196, -0.08545315, 0.032876633, -0.12141741, 0.00090916286, -0.104457244, -0.1639483, -0.012252634, 0.045661993, 0.02090667, 0.0340508, -0.037551552, 0.13924733, 0.013948651, 0.038247354, 0.06375284, -0.097064346, 0.01844962, -0.026831856, 0.028614849, -0.042248216, 0.09445509, -0.03696447, 0.15359825, -0.048184272, 0.015481589, 0.012904949, -0.041661132, 0.057621084, 0.04696662, -0.071972, 0.116285875, 0.031463288, 0.04827125, 0.07562496, -0.12854938, 0.027005807, 0.044705264, 0.05566414, 0.0389649, -0.060404293, -0.030310865, 0.0055772862, 0.06501398, -0.001452758, 0.014840147, 0.1305498, -0.008588803, -0.071319684, 0.047401495, -0.13637716, -0.040291272, 0.027505914, -0.055838093, -0.013698597, -0.06544886, -0.05096748, -0.031941652, 0.0065503214, -0.04970634, 0.004922254, 0.04079138, 0.044922702, 0.011730783, 0.025353277, 0.023396336, 0.023809467, 0.016840577, -0.042204726, -0.054968342, -0.007311355, 0.17812526, -0.0009186758, 0.05079353, 0.010833851, 0.02045005, -0.09845595]","[{'技能名': '1. 負責MES系統的評估/導入/開發/維護。 2. 熟悉機台通訊&數據採集。 3. 執行智慧製造系統整合，例如整合ERP、可視化、API整合。 4. MES報表/可視化開發與維護。 5. 支援e化開發/維護。\nWord、PowerPoint、Excel、MES、C#、Angular、MS SQL\nnan', '向量': [0.00071511924, 0.11159205, 0.11187126, -0.031644117, 0.030620337, -0.0034087228, -0.013611624, 0.10963756, -0.07357257, -0.024873206, 0.06412587, 0.016357217, -0.10973063, 0.012971762, 0.046163183, 0.017183222, -0.11457032, -0.012110855, -0.012518041, 0.0030364392, 0.038135815, 0.14509758, 0.03348227, 0.020603579, 0.015438141, 0.055796023, -0.0045953775, 0.1104752, -0.020545408, -0.07185076, 0.018183734, -0.044674046, 0.014274755, 0.03243522, 0.07617856, 0.10852071, 0.012925226, 0.008440371, 0.014507432, -0.04178885, 0.00305389, 0.04083487, 0.030480731, -0.0341803, -0.011575697, -0.035855576, -0.1511472, 0.021860035, 0.105542436, 0.045441885, -0.04199826, -0.04288243, 0.15905823, 0.050677124, 0.011063807, -0.043627, 0.056773268, -0.023593482, -0.03385455, 0.03532042, 0.100330465, -0.07357257, 0.0018919576, 0.09874826, -0.10907913, -0.06333477, -0.07096659, -0.044371568, -0.0049502105, -0.061101068, 0.020545408, 0.03234215, -0.032900576, -0.05481878, 0.07064084, 0.052585077, 0.03622786, 0.034366444, -0.02196474, -0.020417435, -0.019742671, -0.04241708, -0.0057587638, -0.086137146, 0.015752256, -0.08967385, 0.024198443, -0.119037725, -0.08469455, -0.058355473, -0.082553916, 0.07985486, -0.043347787, 0.017194854, 0.0071373773, 0.09856212, 0.010487931, -0.038531367, -0.07687659, 0.031993132, 0.05854162, -0.06966359, -0.050444447, 0.05933272, -0.058634687, -0.07385179, -0.013716329, -0.072781466, 0.002668518, 0.06342784, -0.13904798, -0.019986983, -0.0009881515, 0.005191613, 0.04646566, 0.028270295, 0.045092866, -0.11968922, -0.00023685825, -0.0407418, -0.016089637, 0.04956027, -0.0031149678, -0.102098815, -0.08287966, 0.091907546, -0.0016563718, 0.010883482, 0.02464053, 0.04576763, -0.0016781853, -0.09083723, 0.18437351, -0.070175484, 0.01703198, -0.0037315628, -0.014007175, 0.008911542, -0.067290284, 0.044906724, 0.04709389, 0.017532237, 0.021650625, 0.050118696, -0.06682493, -0.13904798, -0.02822376, 0.018137198, 0.04167251, 0.038205616, -0.0025463626, -0.02843317, -0.16026814, -0.040043768, 0.055144526, -0.051980115, 0.017322827, 0.0019544896, -0.082414314, -0.11457032, 0.0167295, -0.017892886, 0.0029899038, 0.0023471327, 0.041207157, -0.028247029, 0.01631068, 0.08939463, -0.054493032, 0.037088767, -0.07957565, -0.08837085, 0.1024711, -0.004182375, -0.014902983, -0.019684503, 0.009155853, -0.14770357, -0.048722632, -0.0035861393, -0.11512874, 0.06189217, -0.05882083, -0.033924356, -0.085578725, -0.12797253, -0.036274396, 0.10703157, 0.01339058, 0.0051538027, -0.08748668, 0.07329336, 0.049467202, 0.054120746, 0.040369518, -0.09912054, -0.0073875054, -0.021697162, 0.01206432, -0.04288243, 0.030829746, -0.011750205, 0.15393932, -0.02217415, -0.015728988, 0.02626927, 0.014542333, 0.05430689, 0.020987496, -0.057192087, 0.116710946, 0.088324316, 0.052771218, 0.10088889, -0.1411886, 0.08306581, 0.028316831, 0.03704223, 0.014507432, -0.050723657, 0.010051661, -0.02843317, 0.054120746, -0.000841274, -0.043045305, 0.16836531, -0.0057587638, -0.05211972, 0.059193112, -0.110102914, -0.031876795, -0.010295972, -0.06631304, 0.023721455, -0.08274006, 0.01955653, -0.045092866, 0.010610086, -0.07338643, 0.008492722, 0.032574825, 5.3533964e-05, 0.04997909, -0.047791924, 0.009289643, 0.03134164, 0.008108805, -0.03697243, 0.017439166, -0.051049408, 0.1770209, -0.034157034, 0.07310722, -0.00392643, 0.005142169, -0.0486761]}, {'技能名': 'MES（Manufacturing Execution System）: 系統評估、導入、開發與維護; 製造執行系統的架構與流程理解  \n機台通訊（Machine Communication）: 與機台進行資料交換與通訊協定理解  \n數據採集（Data Acquisition）: 監控與收集生產數據，資料傳輸與存儲  \n智慧製造系統整合（Smart Manufacturing System Integration）: 整合ERP系統、API串接、系統整合流程  \nAPI整合（API Integration）: 使用API進行系統間資料傳輸與整合  \n報表與可視化開發（Reporting & Visualization Development）: 使用MES報表工具與前端技術進行資料呈現與分析  \n前端框架Angular（Angular）: 前端界面開發與用戶互動設計  \n資料庫管理（Database Management）: MS SQL資料庫設計、查詢與維護  \n程式語言C#（C#）: 伺服端開發、系統功能實作與維護  \n辦公軟體（Word、PowerPoint、Excel）: 文件撰寫、報告製作與資料分析輔助  \n電子化支援（e化 Support）: 系統電子化開發與維護流程的支援', '向量': [-0.044074696, 0.10106521, 0.12063463, -0.010159793, 0.022765765, 0.010491386, -0.042639602, 0.047227547, -0.0038758335, -0.024874914, 0.055620655, -0.025962103, -0.14316122, -0.01748202, 0.017590739, 0.010763184, -0.08358319, 0.020993644, -0.026918832, 0.028310435, 0.0389649, 0.09506392, 0.04187857, 0.034289982, 0.01274187, 0.009485736, 0.023113666, 0.11611192, -0.025288045, -0.08206112, 0.0077897185, -0.0642312, 0.06266565, -0.012578792, 0.13168049, 0.118373275, 0.010534874, 0.021754678, 0.025614204, -0.012894076, 0.045444556, 0.08010418, -0.0153728705, -0.00037643962, -0.03359418, -0.071276195, -0.13315907, -0.037116677, 0.0687974, 0.063883305, -0.03376813, 0.010322872, 0.049141, 0.007148276, -0.017047144, -0.019275883, 0.007278739, 0.042074263, 0.045096654, -0.0009438171, 0.11663377, -0.07884304, -0.05353325, 0.022483096, -0.11767747, -0.030550048, -0.016079545, -0.038377818, -0.020928413, -0.08462689, 0.012578792, 0.046575233, -0.088714726, -0.013861676, 0.03833433, 0.025092352, -0.013100643, 0.08658383, 0.0036529594, -0.0007392894, -0.006756888, -0.005946931, 0.02051528, -0.147423, 0.016525293, -0.026418723, -0.02920193, -0.08101742, -0.06536188, -0.015068457, -0.08823636, 0.10941483, -0.038247354, 0.03537717, 0.0017340685, 0.05718621, 0.0035632662, -0.08941053, -0.1362032, 0.07084132, 0.0874101, -0.16716638, -0.036551338, 0.027484171, -0.035899024, -0.121939264, 0.083148316, -0.083409235, -0.035725072, 0.02073272, -0.1453356, -0.029093212, -0.07610332, 0.029180188, 0.082496, 0.013383312, 0.005816468, -0.07271129, -0.04827125, -0.03450742, -0.018330028, 0.028397411, 0.013568135, -0.100630336, -0.05718621, 0.08571408, 0.009018243, 0.0054441052, -0.026810111, 0.011089341, 0.009387888, -0.06910182, 0.09923873, -0.091671884, 0.046357792, -0.04461829, -0.03228955, 0.037290625, -0.09602065, -0.0060665216, 0.109066926, -0.0035931638, -0.03689924, 0.07349406, -0.060491268, -0.07627727, -0.048662636, -0.011404626, 0.0003164743, -0.029593319, -0.0007963669, -0.039117105, -0.16368736, -0.02604908, 0.058229912, -0.052489545, 0.0002850477, 0.0484452, -0.022015603, -0.07984325, 0.029636808, -0.06453562, 0.048662636, 0.031071898, -0.0023823057, -0.007083045, 0.045270603, 0.060665216, -0.07427684, -0.00871383, -0.07545101, -0.09315047, 0.060969632, -0.013524647, 0.011904733, -0.04335715, 0.061578456, -0.14594442, -0.06605768, -0.04753196, -0.08545315, 0.032876633, -0.12141741, 0.00090916286, -0.104457244, -0.1639483, -0.012252634, 0.045661993, 0.02090667, 0.0340508, -0.037551552, 0.13924733, 0.013948651, 0.038247354, 0.06375284, -0.097064346, 0.01844962, -0.026831856, 0.028614849, -0.042248216, 0.09445509, -0.03696447, 0.15359825, -0.048184272, 0.015481589, 0.012904949, -0.041661132, 0.057621084, 0.04696662, -0.071972, 0.116285875, 0.031463288, 0.04827125, 0.07562496, -0.12854938, 0.027005807, 0.044705264, 0.05566414, 0.0389649, -0.060404293, -0.030310865, 0.0055772862, 0.06501398, -0.001452758, 0.014840147, 0.1305498, -0.008588803, -0.071319684, 0.047401495, -0.13637716, -0.040291272, 0.027505914, -0.055838093, -0.013698597, -0.06544886, -0.05096748, -0.031941652, 0.0065503214, -0.04970634, 0.004922254, 0.04079138, 0.044922702, 0.011730783, 0.025353277, 0.023396336, 0.023809467, 0.016840577, -0.042204726, -0.054968342, -0.007311355, 0.17812526, -0.0009186758, 0.05079353, 0.010833851, 0.02045005, -0.09845595]}]"
8n9rz,2025/07/15,2007001001,Angular,全端工程師、軟體專案主管、軟體專案管理師,SaaS 全端工程師,智慧種子文理短期補習班,https://www.104.com.tw/company/1a2x6bmhih,補習班,新北市新莊區雙鳳路74號1樓,新莊區,新北市,台灣,待遇面議,0,0,"關於我們  我們正在打造一個 從 Day 1 就是 SaaS 的學費計算與管理系統，先供內部使用，未來將開放給外部客戶。我們的目標是打造一個可擴展、可自動化、多租戶的雲端服務，為教育機構提供更高效的收費與帳務管理解決方案。  如果你想要參與一個 從零開始 的 SaaS 創業計畫，獨立主導技術架構設計、開發與部署，這將是個極具挑戰與成長機會的角色！   工作內容  	•	從零開發一個 SaaS 產品，包括後端 API、前端介面、資料庫架構與雲端部署 	•	設計與實作多租戶架構 (Multi-Tenant SaaS)，確保租戶數據隔離與系統可擴展性 	•	開發計費與訂閱系統，支援不同收費模式（如 API 計費、訂閱制） 	•	負責 DevOps 流程，自動化部署 (CI/CD)、監控與維運 	•	確保系統安全性，實作身份驗證（OAuth2 / OpenID Connect）與存取控制 	•	技術決策權，選擇最佳技術棧，決定系統的未來發展方向   我們正在尋找這樣的你  	•	全端能力：精通至少一個後端框架（Node.js / Python / Go / Java），熟悉前端（React / Vue / Angular） 	•	架構設計經驗：有 SaaS / 雲端系統設計經驗，了解微服務、API Gateway、多租戶架構 	•	DevOps 技能：熟悉 Docker、Kubernetes、AWS/GCP/Azure 之一，能獨立部署與維運 	•	資料庫設計：熟悉 SQL（PostgreSQL / MySQL）與 NoSQL（Redis） 	•	安全性意識：熟悉身份驗證、授權（OAuth2 / JWT）、API 安全 	•	獨立解決問題的能力，能在有限資源下完成高品質產品 	•	有 SaaS 開發經驗佳，但不是必要條件   為什麼加入我們？  	•	技術決策權：你將是核心技術負責人，親手打造 SaaS 產品的架構與技術棧 	•	從 0 到 1 的經驗：完整參與 SaaS 產品從 MVP 到商業化的過程 	•	遠端工作，彈性自由 	•	未來發展機會：若產品成功，有機會晉升技術合夥人 / CTO  如果你對這個挑戰感興趣，請寄履歷或 GitHub 作品集過來，讓我們聊聊！",,不拘,不拘,,,,,,,,,,,,,,,,,,,,年終獎金、三節獎金/禮品、部門聚餐,週休二日、勞保、健保、特別休假、勞退提撥金,,,https://www.104.com.tw/job/8n9rz,2025-07-18 00:14:04,"關於我們  我們正在打造一個 從 Day 1 就是 SaaS 的學費計算與管理系統，先供內部使用，未來將開放給外部客戶。我們的目標是打造一個可擴展、可自動化、多租戶的雲端服務，為教育機構提供更高效的收費與帳務管理解決方案。  如果你想要參與一個 從零開始 的 SaaS 創業計畫，獨立主導技術架構設計、開發與部署，這將是個極具挑戰與成長機會的角色！   工作內容  	•	從零開發一個 SaaS 產品，包括後端 API、前端介面、資料庫架構與雲端部署 	•	設計與實作多租戶架構 (Multi-Tenant SaaS)，確保租戶數據隔離與系統可擴展性 	•	開發計費與訂閱系統，支援不同收費模式（如 API 計費、訂閱制） 	•	負責 DevOps 流程，自動化部署 (CI/CD)、監控與維運 	•	確保系統安全性，實作身份驗證（OAuth2 / OpenID Connect）與存取控制 	•	技術決策權，選擇最佳技術棧，決定系統的未來發展方向   我們正在尋找這樣的你  	•	全端能力：精通至少一個後端框架（Node.js / Python / Go / Java），熟悉前端（React / Vue / Angular） 	•	架構設計經驗：有 SaaS / 雲端系統設計經驗，了解微服務、API Gateway、多租戶架構 	•	DevOps 技能：熟悉 Docker、Kubernetes、AWS/GCP/Azure 之一，能獨立部署與維運 	•	資料庫設計：熟悉 SQL（PostgreSQL / MySQL）與 NoSQL（Redis） 	•	安全性意識：熟悉身份驗證、授權（OAuth2 / JWT）、API 安全 	•	獨立解決問題的能力，能在有限資源下完成高品質產品 	•	有 SaaS 開發經驗佳，但不是必要條件   為什麼加入我們？  	•	技術決策權：你將是核心技術負責人，親手打造 SaaS 產品的架構與技術棧 	•	從 0 到 1 的經驗：完整參與 SaaS 產品從 MVP 到商業化的過程 	•	遠端工作，彈性自由 	•	未來發展機會：若產品成功，有機會晉升技術合夥人 / CTO  如果你對這個挑戰感興趣，請寄履歷或 GitHub 作品集過來，讓我們聊聊！
nan
nan","雲端服務（Cloud Services）: 學習雲端平台（AWS/GCP/Azure）的部署、管理與監控;  
微服務架構（Microservices Architecture）: 了解微服務設計原則與實作，支援 SaaS 系統的模組化與擴展性;  
多租戶架構（Multi-Tenant Architecture）: 設計與實作租戶數據隔離、系統擴展性與資源管理;  
API 設計與開發（API Design & Development）: 建立後端 API，支援前端與第三方整合;  
資料庫設計（Database Design）: 熟悉 SQL（PostgreSQL / MySQL）資料庫結構設計與優化，NoSQL（Redis）資料存取與快取;  
前端框架（Frontend Frameworks）: 使用 React / Vue / Angular 開發使用者介面;  
後端框架（Backend Frameworks）: 精通 Node.js / Python / Go / Java 之一，負責後端 API 與服務邏輯;  
容器化與編排（Containerization & Orchestration）: 使用 Docker 進行容器化，Kubernetes 進行資源管理與自動化部署;  
持續整合與部署（CI/CD）: 自動化部署流程，熟悉相關工具與流程設計;  
安全性（Security）: 實作身份驗證（OAuth2 / OpenID Connect / JWT）、存取控制與 API 安全措施;  
系統架構決策（System Architecture Decision-Making）: 選擇適合的技術棧與架構方案，規劃系統未來發展;","[-0.010052799, 0.00824042, 0.080134876, 0.041751463, 0.054463785, -0.07060577, -0.03544664, 0.11385642, 0.03244826, -0.040847838, 0.096112564, -0.031400878, -0.07828656, -0.03729496, 0.030579403, 0.028977526, -0.12313908, -0.08001166, -0.04156663, -0.0074497503, 0.029244507, 0.09882343, 0.0052882447, -0.03099014, 0.0037479792, -0.06415719, 0.028607864, 0.04945279, -0.058776528, -0.119278155, -0.040806767, -0.048877757, -0.11886742, 0.059721224, 0.13743275, 0.12182473, -0.022282507, 0.04752232, -0.006761765, -0.04904205, -0.022528948, -0.011798433, 0.06559477, 0.00014054922, -0.009020821, 0.000694403, -0.16232345, 0.020177478, -0.052369025, 0.03027135, -0.11204918, -0.061323103, 0.075945355, -0.006186733, -0.07980628, 0.027170282, 0.026615787, 0.093648136, -0.10252006, 0.092826664, 0.051054664, -0.08383151, 0.07044147, 0.09520894, -0.028402494, -0.02719082, -0.010751053, -0.078697294, -0.083420776, 0.08584413, -0.018021105, 0.04587937, -0.04288099, 0.021912843, 0.038527172, -0.0572568, -0.0062894174, 0.017148288, -0.056106735, -0.056763913, -0.10005564, -0.01772332, 0.08567983, -0.052040435, -0.046700846, -0.07150939, 0.017579563, -0.012055144, -0.06284283, 0.025116595, -0.04419535, 0.10432731, -0.04431857, -0.020855194, 0.09077298, 0.044359643, 0.10046638, -0.050109968, 0.06920926, 0.014221784, 0.1340647, -0.02704706, 0.07081114, 0.034255505, -0.08806211, -0.044277497, -0.02803283, -0.018698823, 0.021912843, -0.034953758, -0.19698969, 0.06087129, -0.0647733, -0.042182736, -0.052245803, 0.024418341, 0.009210788, -0.056722842, 0.0062483433, -0.0982484, -0.017559025, 0.06962, 0.0063510276, -0.014334737, -0.012137292, -0.03807536, -0.001999778, 0.005293379, -0.03704852, 0.05705143, 0.026964914, -0.04374354, 0.075493544, -0.05002782, -0.023391498, -0.023227202, -0.14244375, -0.030004371, -0.0916766, -0.026430955, 0.09964491, -0.08921217, 0.008558742, -0.018031374, -0.035220735, -0.062062427, -0.042839915, 0.025753237, -0.09742692, 0.0704004, 0.021255663, -0.09126586, -0.09463391, -0.055326335, 0.05783183, -0.029265042, -0.04123804, 0.04247025, -0.036740463, 0.015453996, 0.05031534, -0.037253886, -0.004091972, -0.02061902, -0.02540411, -0.092169486, 0.0441132, 0.022693245, -0.13233961, 0.023062907, -0.047193732, -0.13012162, -0.023206666, 0.017754126, 0.07027718, -0.002918803, 0.052081507, -0.11032408, 0.037931602, -0.0491242, -0.07413811, -0.009960383, -0.0441132, -0.027519409, -0.10087711, -0.10210933, 0.04201844, 0.05540848, -0.036288653, -0.0054987473, -0.04259347, -0.0049519534, 0.055079892, 0.008697365, 0.079600915, -0.11237776, 0.038178045, 0.043538168, -0.030949067, 0.023740625, 0.025650553, -0.07122187, 0.09003365, -0.014488763, 0.045057897, 0.0001640543, 0.0037839187, 0.033516176, -0.024007604, -0.1048202, 0.11944245, 0.03283846, -0.028854305, 0.04154609, -0.10547738, -0.067730606, 0.086254865, 0.09676974, 0.017363926, 0.02540411, -0.02121459, 0.010093872, -0.0473991, 0.03183215, 0.11525293, 0.1339004, 0.033865303, -0.08329755, 0.1340647, -0.08600842, -0.021358347, 0.048754536, -0.03544664, -0.083502926, -0.036021676, 0.05409412, -0.01096669, 0.033125974, 0.031216046, -0.048836682, -0.035631474, -0.0140369525, -0.04154609, 0.0012758531, 0.12757505, -0.008276359, -0.028156051, -0.03170893, 0.04136126, 0.06066592, 0.14934413, -0.026492566, -0.00758324, 0.023596866, -0.00843552, -0.09175874]","[-0.05437313, 0.008752044, 0.083191685, -0.015384491, 0.09672526, -0.02258913, -0.08374895, 0.063448586, 0.017713062, 0.04191428, 0.04139682, -0.004788995, -0.048322827, -0.021076554, 0.036998406, 0.007861415, -0.13430083, -0.018379789, 0.01656868, -0.012399144, 0.08565957, 0.032679606, 0.03934688, 0.006194596, -0.0006629959, -0.0076325387, 0.04406373, 0.07586763, -0.06245347, -0.08693332, 0.029933084, -0.06802612, -0.013543527, 0.063528195, 0.07789767, 0.021832842, -0.0057666963, 0.039526, 0.008030585, 0.02026056, 0.042033695, 0.03711782, -0.05779633, -0.012926555, -0.050193645, 0.00196411, -0.08916238, 0.0006717032, -0.09059535, 0.09584956, -0.11893625, -0.01898681, 0.039705124, -0.038252253, -0.0115931, 0.07073283, -0.000289672, 0.03642124, 0.03530671, 0.04947716, 0.1228371, -0.074872516, -0.03142576, 0.080126725, -0.054054692, -0.08709254, 0.010140231, -0.056403168, -0.101581424, -0.03936678, 0.051507197, 0.00811517, -0.07423564, 0.0057617207, 0.08908277, 0.08024614, -0.018917153, 0.062294252, -0.010588032, -0.0076574166, -0.008697312, -0.029256405, 0.045218065, -0.117901325, -0.0016183072, -0.006622496, -0.021454697, -0.004420802, -0.07144932, 0.044620994, -0.0206188, 0.016041268, -0.006940933, 0.018101158, -0.023982292, -0.023683757, 0.08351012, -0.045894742, -0.016011413, 0.07590744, 0.064881556, -0.16845322, -0.07570841, 0.052860554, -0.005498015, -0.14011231, 0.032580093, -0.022748347, -0.03994395, -0.03618241, -0.19313209, 0.004662118, -0.06575725, 0.11073649, 0.027465198, 0.04860146, 0.011224907, 0.0069210306, -0.0429492, 0.0038137815, 0.008776922, -0.03281892, 0.006562789, -0.028898165, -0.013842061, -0.030629667, 0.042670567, 0.0028510068, -0.07208619, 0.036540654, 0.08717215, -0.057398282, 0.11734406, -0.13071842, 0.061498158, -0.055527464, -0.07662392, -0.014747617, -0.14465004, -0.08534113, 0.16128838, -0.065319404, 0.06476214, 0.051228564, -0.036461044, -0.055368245, -0.05274114, 0.04955677, -0.10357166, 0.11368203, -0.015314833, -0.04732771, -0.13039999, -0.03642124, 0.023166297, -0.073479354, -0.02250952, 0.0386702, 0.025654087, -0.015454149, 0.04310842, -0.01056813, 0.008647556, 0.05341782, -0.011404027, -0.114796564, 0.058194377, 0.0618564, -0.098078616, -0.052780945, -0.02352454, -0.08956043, 0.03859059, -0.018509155, 0.05087032, 0.006209523, 0.031127224, -0.048840284, 0.021912452, -0.046929665, -0.044461776, 0.030649569, -0.14528692, 0.011861781, -0.09998924, -0.1417045, -0.020479484, 0.025116725, -0.055527464, 0.08366934, -0.09569034, 0.086376056, 0.03658046, 0.04605396, 0.07399681, -0.12005077, -0.013304699, -0.03391355, -0.010125304, 0.009160042, 0.0115831485, -0.049915012, 0.060264215, -0.08056458, 0.081480086, 0.0073738084, -0.031047614, 0.070095964, 0.03377423, -0.12164296, 0.061378747, -0.027723927, -0.034411106, 0.060582653, -0.17625491, -0.030450545, 0.06933967, 0.00300525, 0.009543161, -0.0071747852, 0.035525635, 0.04338705, 0.05437313, -0.014548594, 0.041197795, 0.060582653, 0.036839187, -0.047566537, 0.061816595, -0.09855627, -0.05942832, 0.032719407, -0.08112185, -0.027007444, -0.09584956, -0.06719022, -0.045894742, 0.009413796, 0.017086139, -0.07662392, 0.015145663, 0.0071101026, -0.07073283, -0.025335649, 0.06169718, 0.013931622, 0.053815864, -0.091471046, 0.009518283, 0.060343824, 0.19679411, -0.0036993432, -0.012827043, -0.010647739, -0.02585311, -0.11025883]","[{'技能名': '關於我們\r \r 我們正在打造一個 從 Day 1 就是 SaaS 的學費計算與管理系統，先供內部使用，未來將開放給外部客戶。我們的目標是打造一個可擴展、可自動化、多租戶的雲端服務，為教育機構提供更高效的收費與帳務管理解決方案。\r \r 如果你想要參與一個 從零開始 的 SaaS 創業計畫，獨立主導技術架構設計、開發與部署，這將是個極具挑戰與成長機會的角色！\r \r \r 工作內容\r \r \t•\t從零開發一個 SaaS 產品，包括後端 API、前端介面、資料庫架構與雲端部署\r \t•\t設計與實作多租戶架構 (Multi-Tenant SaaS)，確保租戶數據隔離與系統可擴展性\r \t•\t開發計費與訂閱系統，支援不同收費模式（如 API 計費、訂閱制）\r \t•\t負責 DevOps 流程，自動化部署 (CI/CD)、監控與維運\r \t•\t確保系統安全性，實作身份驗證（OAuth2 / OpenID Connect）與存取控制\r \t•\t技術決策權，選擇最佳技術棧，決定系統的未來發展方向\r \r \r 我們正在尋找這樣的你\r \r \t•\t全端能力：精通至少一個後端框架（Node.js / Python / Go / Java），熟悉前端（React / Vue / Angular）\r \t•\t架構設計經驗：有 SaaS / 雲端系統設計經驗，了解微服務、API Gateway、多租戶架構\r \t•\tDevOps 技能：熟悉 Docker、Kubernetes、AWS/GCP/Azure 之一，能獨立部署與維運\r \t•\t資料庫設計：熟悉 SQL（PostgreSQL / MySQL）與 NoSQL（Redis）\r \t•\t安全性意識：熟悉身份驗證、授權（OAuth2 / JWT）、API 安全\r \t•\t獨立解決問題的能力，能在有限資源下完成高品質產品\r \t•\t有 SaaS 開發經驗佳，但不是必要條件\r \r \r 為什麼加入我們？\r \r \t•\t技術決策權：你將是核心技術負責人，親手打造 SaaS 產品的架構與技術棧\r \t•\t從 0 到 1 的經驗：完整參與 SaaS 產品從 MVP 到商業化的過程\r \t•\t遠端工作，彈性自由\r \t•\t未來發展機會：若產品成功，有機會晉升技術合夥人 / CTO\r \r 如果你對這個挑戰感興趣，請寄履歷或 GitHub 作品集過來，讓我們聊聊！\nnan\nnan', '向量': [-0.010052799, 0.00824042, 0.080134876, 0.041751463, 0.054463785, -0.07060577, -0.03544664, 0.11385642, 0.03244826, -0.040847838, 0.096112564, -0.031400878, -0.07828656, -0.03729496, 0.030579403, 0.028977526, -0.12313908, -0.08001166, -0.04156663, -0.0074497503, 0.029244507, 0.09882343, 0.0052882447, -0.03099014, 0.0037479792, -0.06415719, 0.028607864, 0.04945279, -0.058776528, -0.119278155, -0.040806767, -0.048877757, -0.11886742, 0.059721224, 0.13743275, 0.12182473, -0.022282507, 0.04752232, -0.006761765, -0.04904205, -0.022528948, -0.011798433, 0.06559477, 0.00014054922, -0.009020821, 0.000694403, -0.16232345, 0.020177478, -0.052369025, 0.03027135, -0.11204918, -0.061323103, 0.075945355, -0.006186733, -0.07980628, 0.027170282, 0.026615787, 0.093648136, -0.10252006, 0.092826664, 0.051054664, -0.08383151, 0.07044147, 0.09520894, -0.028402494, -0.02719082, -0.010751053, -0.078697294, -0.083420776, 0.08584413, -0.018021105, 0.04587937, -0.04288099, 0.021912843, 0.038527172, -0.0572568, -0.0062894174, 0.017148288, -0.056106735, -0.056763913, -0.10005564, -0.01772332, 0.08567983, -0.052040435, -0.046700846, -0.07150939, 0.017579563, -0.012055144, -0.06284283, 0.025116595, -0.04419535, 0.10432731, -0.04431857, -0.020855194, 0.09077298, 0.044359643, 0.10046638, -0.050109968, 0.06920926, 0.014221784, 0.1340647, -0.02704706, 0.07081114, 0.034255505, -0.08806211, -0.044277497, -0.02803283, -0.018698823, 0.021912843, -0.034953758, -0.19698969, 0.06087129, -0.0647733, -0.042182736, -0.052245803, 0.024418341, 0.009210788, -0.056722842, 0.0062483433, -0.0982484, -0.017559025, 0.06962, 0.0063510276, -0.014334737, -0.012137292, -0.03807536, -0.001999778, 0.005293379, -0.03704852, 0.05705143, 0.026964914, -0.04374354, 0.075493544, -0.05002782, -0.023391498, -0.023227202, -0.14244375, -0.030004371, -0.0916766, -0.026430955, 0.09964491, -0.08921217, 0.008558742, -0.018031374, -0.035220735, -0.062062427, -0.042839915, 0.025753237, -0.09742692, 0.0704004, 0.021255663, -0.09126586, -0.09463391, -0.055326335, 0.05783183, -0.029265042, -0.04123804, 0.04247025, -0.036740463, 0.015453996, 0.05031534, -0.037253886, -0.004091972, -0.02061902, -0.02540411, -0.092169486, 0.0441132, 0.022693245, -0.13233961, 0.023062907, -0.047193732, -0.13012162, -0.023206666, 0.017754126, 0.07027718, -0.002918803, 0.052081507, -0.11032408, 0.037931602, -0.0491242, -0.07413811, -0.009960383, -0.0441132, -0.027519409, -0.10087711, -0.10210933, 0.04201844, 0.05540848, -0.036288653, -0.0054987473, -0.04259347, -0.0049519534, 0.055079892, 0.008697365, 0.079600915, -0.11237776, 0.038178045, 0.043538168, -0.030949067, 0.023740625, 0.025650553, -0.07122187, 0.09003365, -0.014488763, 0.045057897, 0.0001640543, 0.0037839187, 0.033516176, -0.024007604, -0.1048202, 0.11944245, 0.03283846, -0.028854305, 0.04154609, -0.10547738, -0.067730606, 0.086254865, 0.09676974, 0.017363926, 0.02540411, -0.02121459, 0.010093872, -0.0473991, 0.03183215, 0.11525293, 0.1339004, 0.033865303, -0.08329755, 0.1340647, -0.08600842, -0.021358347, 0.048754536, -0.03544664, -0.083502926, -0.036021676, 0.05409412, -0.01096669, 0.033125974, 0.031216046, -0.048836682, -0.035631474, -0.0140369525, -0.04154609, 0.0012758531, 0.12757505, -0.008276359, -0.028156051, -0.03170893, 0.04136126, 0.06066592, 0.14934413, -0.026492566, -0.00758324, 0.023596866, -0.00843552, -0.09175874]}, {'技能名': '雲端服務（Cloud Services）: 學習雲端平台（AWS/GCP/Azure）的部署、管理與監控;  \n微服務架構（Microservices Architecture）: 了解微服務設計原則與實作，支援 SaaS 系統的模組化與擴展性;  \n多租戶架構（Multi-Tenant Architecture）: 設計與實作租戶數據隔離、系統擴展性與資源管理;  \nAPI 設計與開發（API Design & Development）: 建立後端 API，支援前端與第三方整合;  \n資料庫設計（Database Design）: 熟悉 SQL（PostgreSQL / MySQL）資料庫結構設計與優化，NoSQL（Redis）資料存取與快取;  \n前端框架（Frontend Frameworks）: 使用 React / Vue / Angular 開發使用者介面;  \n後端框架（Backend Frameworks）: 精通 Node.js / Python / Go / Java 之一，負責後端 API 與服務邏輯;  \n容器化與編排（Containerization & Orchestration）: 使用 Docker 進行容器化，Kubernetes 進行資源管理與自動化部署;  \n持續整合與部署（CI/CD）: 自動化部署流程，熟悉相關工具與流程設計;  \n安全性（Security）: 實作身份驗證（OAuth2 / OpenID Connect / JWT）、存取控制與 API 安全措施;  \n系統架構決策（System Architecture Decision-Making）: 選擇適合的技術棧與架構方案，規劃系統未來發展;', '向量': [-0.05437313, 0.008752044, 0.083191685, -0.015384491, 0.09672526, -0.02258913, -0.08374895, 0.063448586, 0.017713062, 0.04191428, 0.04139682, -0.004788995, -0.048322827, -0.021076554, 0.036998406, 0.007861415, -0.13430083, -0.018379789, 0.01656868, -0.012399144, 0.08565957, 0.032679606, 0.03934688, 0.006194596, -0.0006629959, -0.0076325387, 0.04406373, 0.07586763, -0.06245347, -0.08693332, 0.029933084, -0.06802612, -0.013543527, 0.063528195, 0.07789767, 0.021832842, -0.0057666963, 0.039526, 0.008030585, 0.02026056, 0.042033695, 0.03711782, -0.05779633, -0.012926555, -0.050193645, 0.00196411, -0.08916238, 0.0006717032, -0.09059535, 0.09584956, -0.11893625, -0.01898681, 0.039705124, -0.038252253, -0.0115931, 0.07073283, -0.000289672, 0.03642124, 0.03530671, 0.04947716, 0.1228371, -0.074872516, -0.03142576, 0.080126725, -0.054054692, -0.08709254, 0.010140231, -0.056403168, -0.101581424, -0.03936678, 0.051507197, 0.00811517, -0.07423564, 0.0057617207, 0.08908277, 0.08024614, -0.018917153, 0.062294252, -0.010588032, -0.0076574166, -0.008697312, -0.029256405, 0.045218065, -0.117901325, -0.0016183072, -0.006622496, -0.021454697, -0.004420802, -0.07144932, 0.044620994, -0.0206188, 0.016041268, -0.006940933, 0.018101158, -0.023982292, -0.023683757, 0.08351012, -0.045894742, -0.016011413, 0.07590744, 0.064881556, -0.16845322, -0.07570841, 0.052860554, -0.005498015, -0.14011231, 0.032580093, -0.022748347, -0.03994395, -0.03618241, -0.19313209, 0.004662118, -0.06575725, 0.11073649, 0.027465198, 0.04860146, 0.011224907, 0.0069210306, -0.0429492, 0.0038137815, 0.008776922, -0.03281892, 0.006562789, -0.028898165, -0.013842061, -0.030629667, 0.042670567, 0.0028510068, -0.07208619, 0.036540654, 0.08717215, -0.057398282, 0.11734406, -0.13071842, 0.061498158, -0.055527464, -0.07662392, -0.014747617, -0.14465004, -0.08534113, 0.16128838, -0.065319404, 0.06476214, 0.051228564, -0.036461044, -0.055368245, -0.05274114, 0.04955677, -0.10357166, 0.11368203, -0.015314833, -0.04732771, -0.13039999, -0.03642124, 0.023166297, -0.073479354, -0.02250952, 0.0386702, 0.025654087, -0.015454149, 0.04310842, -0.01056813, 0.008647556, 0.05341782, -0.011404027, -0.114796564, 0.058194377, 0.0618564, -0.098078616, -0.052780945, -0.02352454, -0.08956043, 0.03859059, -0.018509155, 0.05087032, 0.006209523, 0.031127224, -0.048840284, 0.021912452, -0.046929665, -0.044461776, 0.030649569, -0.14528692, 0.011861781, -0.09998924, -0.1417045, -0.020479484, 0.025116725, -0.055527464, 0.08366934, -0.09569034, 0.086376056, 0.03658046, 0.04605396, 0.07399681, -0.12005077, -0.013304699, -0.03391355, -0.010125304, 0.009160042, 0.0115831485, -0.049915012, 0.060264215, -0.08056458, 0.081480086, 0.0073738084, -0.031047614, 0.070095964, 0.03377423, -0.12164296, 0.061378747, -0.027723927, -0.034411106, 0.060582653, -0.17625491, -0.030450545, 0.06933967, 0.00300525, 0.009543161, -0.0071747852, 0.035525635, 0.04338705, 0.05437313, -0.014548594, 0.041197795, 0.060582653, 0.036839187, -0.047566537, 0.061816595, -0.09855627, -0.05942832, 0.032719407, -0.08112185, -0.027007444, -0.09584956, -0.06719022, -0.045894742, 0.009413796, 0.017086139, -0.07662392, 0.015145663, 0.0071101026, -0.07073283, -0.025335649, 0.06169718, 0.013931622, 0.053815864, -0.091471046, 0.009518283, 0.060343824, 0.19679411, -0.0036993432, -0.012827043, -0.010647739, -0.02585311, -0.11025883]}]"
8544y,2025/07/17,2007001001,Angular,軟體工程師、Internet程式設計師、軟體專案主管,Senior Java Software Programmer：資深Java軟體工程師(板橋),"HUNG YANG SOFTWARE TECH. CO., LTD._鴻揚科技有限公司",https://www.104.com.tw/company/10z7cuiw,電腦系統整合服務業,新北市板橋區中山路一段10號,板橋區,新北市,台灣,"月薪50,000元以上",50000,9999999,《關於我們》 我們是一間專注於創新與技術的公司，致力於提升客戶的競爭力。我們鼓勵團隊成員發揮創意，並追求技術的極致。我們的客戶涵蓋多數銀行與電信業，絕對是Java資深工程師展現實力的絕佳平台。  《團隊角色》 作為Java資深工程師，將成為專業團隊中的重要一員，致力於專案開發。透過豐富的專業技能，與團隊共同合作，建立高效率且具擴充性的程式碼架構，讓我們在競爭激烈的市場中脫穎而出。  《工作任務》 #團隊協作 與專案團隊密切合作，確保專案按時交付，滿足客戶需求。資深工程師在這個過程中扮演了關鍵的角色，豐富的經驗與技術將是團隊的重要戰力  #導師角色 提供新進人員建議與協助，特別是對於Java程式開發的專業知識。分享經驗，幫助新人快速融入團隊。  #卓越溝通 具備卓越的溝通能力，能夠清晰理解專案內容並滿足客戶需求。  #獨立解決 在面對程式問題時，展現獨立處理能力，迅速找尋最佳解決方案，成為團隊的技術支柱。  《工作技能》 #實務經驗 三年以上Java專案開發工作經驗(具Web專案實務開發相關經驗尤佳) 。  #獨立開發 具備獨立的Web系統設計、使用及呼叫Web Service等程式應用開發經驗/能力。  #專業技術 前端 - JavaScript / HTML / CSS (有Vue/React/Angular框架經驗者佳) 後端 - Java (Spring / Spring Boot) 資料庫 - MSSQL / MySQL / Oracle 其中一種關聯式資料庫運用  #問題處理 快速的技術問題診斷及解決方案處理/決定。  #職業精神 能自我管理與客戶服務導向。  #團隊合作 具團隊合作精神，熱心幫助他人解決問題，協助團隊成長。  《加分項目》 有參與銀行、電信專案經驗者。 熟悉UML、OOAD。,,2年以上,大學以上,資訊工程相關、資訊管理相關、數學及電算機科學學科類,,,,,,略懂,略懂,略懂,略懂,,,,,,,,,,特殊節日獎金禮品、旅遊假、結婚禮金、生育津貼、社團補助、員工進修補助、旅遊補助、交通津貼補助、急難補助、國內旅遊、部門聚餐、社團活動、員工團體保險,哺乳室、週休二日、勞保、健保、產假、特別休假、育嬰留停、勞退提撥金、員工體檢,"☼「鴻揚科技」十分重視人才的培育，
在鴻揚您有機會接觸到最新的系統建置技術與專案管理知識！
 
▍在人性化的管理與團隊合作中，
您不僅可從團隊成員中學習其專長與經驗，
亦會讓您有機會貢獻所學，兼顧經驗與技能在深度與廣度上的成長。
 
▍在長期職涯規畫上，亦可選擇技術路線或管理路線、甚或兩者兼具，
在服務客戶的過程中，您除了協助公司累積商譽實績，同時也為自身建立服務名聲。
 
☼ 您可參考鴻揚員工的專訪
 
▍Cheers 採訪  ➼〈 你有多大潛力，鴻揚就給你多大舞台 〉
https://lihi1.cc/1N9Sk
 
▍CakeResume 專訪  ➼〈 從『心累』到『舒心』，軟體工程師的圓夢之地 〉
https://lihi1.cc/5HkOa
 
 
◈ 休假福利 ◈
 
✩ 彈性上下班制度 ( 09:00 ～ 09:30 – 18:00 ～18:30 )：讓你用自由與自信開啟每一天
✩ 特休假外另提供預支特休假：最大化員工的休憩權利
 
◈ 獎金禮品 ◈

✩ 中秋禮盒－讓鴻揚給予你滿滿的佳節心意
✩ 年終獎金－慰勞每一位員工辛苦一年的結晶
✩ 婚喪禮金－讓鴻揚陪你度過生命中每個重要時刻
✩ 駐點津貼－提供經常性的薪資補給，為你餐餐加菜
✩ 筆電補助－入職配備電腦一台，滿半年將有額外自購電腦補助
✩ 人才推薦獎金－優秀人才需要大家一起引薦發掘
✩ 鴻揚之星獎金－鴻揚絕不虧待公司中的每一顆星星
✩ 公出交通補助－出差交通費，鴻揚為你預備
✩ 員工旅遊補助－旅遊的目的地由你決定
✩ 公司與部門聚餐聚會補助－破除「上班是同事，下班不認識」，讓辦公室充滿愛
✩ 同仁享每月5次跨行轉帳 / 跨行提款免手續費服務－鴻揚陪你一起省小錢，賺大錢
 
◈ 保險福利 ◈

✩ 免費員工意外險團保
✩ 符合法律規範之勞保、健保、勞退提撥

◈ 教育訓練 ◈

✩ 新人訓，不論轉職或剛畢業，讓你贏在起跑點
✩ 新人工作坊，帶你認識鴻揚文化
✩ 資深員工工作坊，相互支持一同成長
✩ 專門角色培訓課程，提供你不斷精進自己的機會
✩ 高潛力人才發展課程，任何夥伴的潛力都是鴻揚最珍貴的資產
✩ 證照課程與外出訓練補助，全力支持夥伴積極進取的心
✩ 提供員工完整的學習計畫，重視員工職涯發展
 
期望充滿熱情的你一起加入鴻揚！
本公司將有完整的訓練，讓公司同仁有良好的專案規劃技術能力、專案管理、客戶需求管理的訓練，成為一個專業的技術顧問。


",,https://www.104.com.tw/job/8544y,2025-07-18 00:14:05,"《關於我們》 我們是一間專注於創新與技術的公司，致力於提升客戶的競爭力。我們鼓勵團隊成員發揮創意，並追求技術的極致。我們的客戶涵蓋多數銀行與電信業，絕對是Java資深工程師展現實力的絕佳平台。  《團隊角色》 作為Java資深工程師，將成為專業團隊中的重要一員，致力於專案開發。透過豐富的專業技能，與團隊共同合作，建立高效率且具擴充性的程式碼架構，讓我們在競爭激烈的市場中脫穎而出。  《工作任務》 #團隊協作 與專案團隊密切合作，確保專案按時交付，滿足客戶需求。資深工程師在這個過程中扮演了關鍵的角色，豐富的經驗與技術將是團隊的重要戰力  #導師角色 提供新進人員建議與協助，特別是對於Java程式開發的專業知識。分享經驗，幫助新人快速融入團隊。  #卓越溝通 具備卓越的溝通能力，能夠清晰理解專案內容並滿足客戶需求。  #獨立解決 在面對程式問題時，展現獨立處理能力，迅速找尋最佳解決方案，成為團隊的技術支柱。  《工作技能》 #實務經驗 三年以上Java專案開發工作經驗(具Web專案實務開發相關經驗尤佳) 。  #獨立開發 具備獨立的Web系統設計、使用及呼叫Web Service等程式應用開發經驗/能力。  #專業技術 前端 - JavaScript / HTML / CSS (有Vue/React/Angular框架經驗者佳) 後端 - Java (Spring / Spring Boot) 資料庫 - MSSQL / MySQL / Oracle 其中一種關聯式資料庫運用  #問題處理 快速的技術問題診斷及解決方案處理/決定。  #職業精神 能自我管理與客戶服務導向。  #團隊合作 具團隊合作精神，熱心幫助他人解決問題，協助團隊成長。  《加分項目》 有參與銀行、電信專案經驗者。 熟悉UML、OOAD。
nan
nan","Java（Java）:掌握Java程式設計語言，應用於Web專案開發與Web Service呼叫;  
Spring / Spring Boot（Spring / Spring Boot）:建立高效、擴充性強的後端架構;  
Web開發技術（Web Development Technologies）:包含HTML、CSS、JavaScript，並具備Vue/React/Angular框架經驗，用於前端界面開發;  
資料庫管理（Database Management）:操作MSSQL、MySQL、Oracle等關聯式資料庫，進行資料存取與管理;  
Web Service（Web Service）:設計與呼叫Web服務，實現系統整合與資料交換;  
UML（UML）:使用統一建模語言進行系統設計與架構規劃;  
OOAD（Object-Oriented Analysis and Design）:進行物件導向分析與設計，提升系統模組化與可維護性;  
問題診斷（Troubleshooting）:快速定位並解決技術問題，確保專案順利進行;  
系統架構設計（System Architecture Design）:建立高效率且可擴充的程式碼架構;  
專案管理（Project Management）:協調專案進度，確保按時交付;  
版本控制（Version Control）:使用Git或其他工具管理程式碼版本，維持專案整合性;","[0.020599013, 0.044785842, 0.068622135, 0.028331375, 0.11505755, -0.021196982, -0.038826767, 0.16050322, -0.032352205, -0.09097382, 0.05662151, -0.037342153, -0.13493487, -0.022186724, 0.05554929, 0.05179652, -0.17485449, -0.10136612, -0.08973664, -0.048744813, 0.024867278, 0.05336361, 0.036826663, 0.0051574856, 0.022351682, -0.013670817, -0.031836715, 0.13452248, 0.048208702, -0.09542766, 0.024454884, -0.037919506, 0.017722575, 0.099304155, 0.06429201, 0.06957064, 0.04218777, 0.013371832, 0.0018325698, -0.058147363, 0.026248792, 0.02189805, 0.047383916, -0.046806566, -0.038558714, 0.0031805784, -0.06062172, 0.07142641, -0.0076189544, 0.09551014, -0.06288988, 0.06552919, 0.08495289, 0.041754756, -0.044208493, 0.0041110395, 0.047301438, 0.04886853, -0.039012346, 0.048497375, 0.06957064, -0.06082792, 0.009464411, 0.12347036, -0.098149456, -0.050064467, -0.0789732, -0.05097173, 0.004381672, -0.01851643, 0.018650457, 0.058229845, -0.094602875, 0.043012556, 0.02081552, 0.009778861, 0.0102634225, -0.02575392, -0.059673216, -0.117037036, -0.060869157, -0.026042596, 0.048456136, -0.06775612, -0.0641683, -0.067797355, -0.011454206, -0.13287291, -0.037548352, -0.0030774802, -0.12363532, 0.06227129, -0.023795057, 0.040187664, 0.03478532, 0.115552425, 0.056332838, 0.012588286, -0.038558714, 0.10713961, 0.10045885, -0.050765537, 0.05443583, 0.053734764, 0.013763605, 0.00083638384, -0.04037324, 0.0036574074, -0.066395216, 0.03534205, -0.22500144, 0.013804845, -0.044620886, 0.005239964, -0.054848224, 0.009773706, -0.00070879987, -0.0933657, 0.03647613, -0.08115888, -0.014134758, 0.05385848, -0.05897215, -0.054229636, -0.0704779, -0.027279774, 0.0618589, 0.011443896, -0.056703992, -0.0087839635, 0.0047090086, -0.019330906, 0.059631977, -0.036909144, 0.029960327, -0.013114086, -0.089571685, 0.09377809, -0.08948921, -0.056992665, 0.027650928, -0.035362672, -0.060333047, -0.0012320231, -0.0027089042, -0.027217915, -0.031300604, 0.025485866, -0.042600162, 0.01570185, -0.05740506, 0.019238118, -0.15423486, -0.0057374127, 0.035053376, 0.062312532, -0.033506904, 0.011402657, -0.04664161, -0.0057631875, 0.10045885, -0.04561063, -0.075467855, 0.07633388, 0.015908048, -0.11654217, 0.021588756, 0.055136897, -0.1628951, 0.058889672, -0.051466603, -0.12594472, -0.061941378, 0.041218646, 0.106562264, -0.09979902, -0.003446056, -0.08091144, -0.023176467, 0.009232441, -0.073653325, 0.0560854, -0.05278626, -0.03202229, -0.0697356, -0.063096076, 0.022722835, 0.049157206, -0.07847832, -0.014866755, 0.0034718306, 0.061982617, 0.08750972, 0.046311695, -0.0013866703, -0.15497716, 0.029630413, 0.011351108, -0.0258364, 0.078684516, 0.016609114, 0.01966082, 0.13468744, 0.0073921382, 0.025052855, -0.027032338, 0.088499464, 0.02977475, -0.042002194, -0.1010362, 0.09889176, 0.03309451, 0.03975465, 0.00953658, -0.0040723775, -0.018588599, 0.07534414, 0.038888626, -0.042435203, -0.063137315, -0.04614674, 0.031919193, -0.044167254, -0.041486703, 0.011382038, 0.16437972, 0.01066035, -0.0493634, 0.050188188, -0.05109545, -0.007356054, -0.029506695, -0.0005177461, -0.07534414, -0.033465665, -0.0009420595, -0.05175528, 0.05781745, 0.10243834, -0.047054004, -0.041177407, 0.06239501, 0.034311067, 0.053693525, 0.06585911, 0.013309973, 0.013093467, -0.006959126, 0.023114609, 0.039527837, 0.13394514, -0.013773914, 0.00015182815, -0.021753713, 0.045734346, -0.054105915]","[-0.0900985, 0.09825027, 0.12261977, -0.018802699, 0.09370244, -0.015102224, -0.09370244, -0.007229332, 0.05427362, 0.0040919734, 0.09919416, -0.020508135, -0.046293467, -0.036940385, 0.05024064, -0.006017293, -0.13549098, 0.022739146, -0.04685122, -0.034602113, 0.038549285, -0.013075008, 0.044105362, 0.0021814026, 0.07555403, 0.06328347, -0.034645017, 0.13265932, 0.008843597, -0.040222544, 0.005561437, -0.050798394, 0.0041563297, 0.044706017, 0.10108194, 0.030976722, 0.024905799, -0.01683984, 0.08743845, -0.043826483, 0.029925574, -0.001027686, -0.01737614, -0.029367821, -0.020744108, 0.02501306, -0.05882145, 0.04125224, -0.09335921, 0.06366961, -0.05946501, -0.049554177, 0.094303094, 0.014705363, -0.043204375, 0.018867055, 0.033786938, 0.06735936, 0.03887107, -0.007894345, 0.1517087, -0.037026193, -0.0057062386, 0.058049176, -0.08735264, -0.055002987, 0.010935169, -0.12656695, -0.06311186, -0.09619088, -0.006322984, 0.083276756, -0.08915461, -0.026042758, 0.07285107, 0.075725645, -0.06521415, 0.041295145, -0.016947098, -0.08572229, -0.029131848, 0.026836481, 0.030204449, -0.12527981, -0.021183873, 0.010232615, -0.03531003, -0.04444859, -0.061224077, 0.0033626046, -0.06281152, 0.04994031, -0.030654943, 0.027522946, -0.026793579, 0.03539584, 0.002724407, -0.02481999, -0.06946165, 0.041595474, 0.07370915, -0.15282422, -0.011230134, 0.022224296, -0.0037996897, -0.099022545, 0.05238584, -0.0699765, -0.025935497, 0.022288652, -0.20113418, -0.041681282, -0.03095527, 0.099022545, 0.07499628, 0.016389346, 0.013461145, -0.106659465, -0.033636775, -0.04241065, -0.006290806, -0.030182997, -0.010248705, -0.11953068, 0.014136883, 0.027544398, 0.030912366, 0.05680496, -0.041273694, 0.0339371, 0.07761342, -0.019939655, 0.07885764, -0.094303094, 0.053715866, -0.040115286, -0.093530826, 0.00895622, -0.15840174, -0.041123528, 0.12562305, -0.07551112, -0.010699197, 0.024605472, 0.05766304, -0.05556074, 0.022288652, -0.019296095, -0.0763692, -0.019939655, -0.06263991, -0.031234147, -0.131458, -0.061224077, 0.070233926, 0.02374739, -0.006558956, 0.02008982, 0.027008098, -0.057963368, 0.05225713, 0.014093979, 0.05543203, 0.083362564, 0.039600436, -0.1378078, -0.0044003464, 0.055903975, -0.10580138, -0.038978327, -0.031663187, -0.11712805, 0.021173147, 0.0117449835, 0.051141623, -0.04314002, 0.028659904, -0.053887483, 0.0048374315, -0.024648376, -0.051270336, 0.022417365, -0.10640204, 0.03318628, -0.10846143, -0.15428296, -0.012013134, -0.019789493, -0.064956725, 0.03972915, -0.06710193, 0.03400146, -0.001791244, 0.08786749, 0.0985935, -0.1271676, -0.007122072, -0.041574024, 0.024498211, -0.02670777, -0.049811598, -0.012924844, 0.049983215, -0.083791606, 0.025892593, 0.0068271067, 0.041423857, 0.060923748, 0.05650463, -0.15960306, 0.06637256, -0.047838014, 0.06126698, 0.054831374, -0.05556074, 0.023125282, 0.07696986, 0.01761211, 0.009052754, -0.079544105, -0.024519663, -0.020347245, 0.017837359, -0.06697322, 0.02089427, 0.08679489, 0.059035968, -0.04534958, 0.06306895, -0.12450755, -0.017322509, -0.03902123, -0.010077088, 0.02469128, -0.01463028, -0.12905538, -0.06053761, 0.04389084, 0.01734396, -0.052085515, -0.010613388, 0.031083982, -0.03116979, 0.018566726, 0.116441585, 0.03880671, 0.02003619, -0.07589726, 0.004893743, 0.018523823, 0.14801897, -0.034366142, -0.01828785, -0.038720902, 0.03964334, -0.07289398]","[{'技能名': '《關於我們》 我們是一間專注於創新與技術的公司，致力於提升客戶的競爭力。我們鼓勵團隊成員發揮創意，並追求技術的極致。我們的客戶涵蓋多數銀行與電信業，絕對是Java資深工程師展現實力的絕佳平台。  《團隊角色》 作為Java資深工程師，將成為專業團隊中的重要一員，致力於專案開發。透過豐富的專業技能，與團隊共同合作，建立高效率且具擴充性的程式碼架構，讓我們在競爭激烈的市場中脫穎而出。  《工作任務》 #團隊協作 與專案團隊密切合作，確保專案按時交付，滿足客戶需求。資深工程師在這個過程中扮演了關鍵的角色，豐富的經驗與技術將是團隊的重要戰力  #導師角色 提供新進人員建議與協助，特別是對於Java程式開發的專業知識。分享經驗，幫助新人快速融入團隊。  #卓越溝通 具備卓越的溝通能力，能夠清晰理解專案內容並滿足客戶需求。  #獨立解決 在面對程式問題時，展現獨立處理能力，迅速找尋最佳解決方案，成為團隊的技術支柱。  《工作技能》 #實務經驗 三年以上Java專案開發工作經驗(具Web專案實務開發相關經驗尤佳) 。  #獨立開發 具備獨立的Web系統設計、使用及呼叫Web Service等程式應用開發經驗/能力。  #專業技術 前端 - JavaScript / HTML / CSS (有Vue/React/Angular框架經驗者佳) 後端 - Java (Spring / Spring Boot) 資料庫 - MSSQL / MySQL / Oracle 其中一種關聯式資料庫運用  #問題處理 快速的技術問題診斷及解決方案處理/決定。  #職業精神 能自我管理與客戶服務導向。  #團隊合作 具團隊合作精神，熱心幫助他人解決問題，協助團隊成長。  《加分項目》 有參與銀行、電信專案經驗者。 熟悉UML、OOAD。\nnan\nnan', '向量': [0.020599013, 0.044785842, 0.068622135, 0.028331375, 0.11505755, -0.021196982, -0.038826767, 0.16050322, -0.032352205, -0.09097382, 0.05662151, -0.037342153, -0.13493487, -0.022186724, 0.05554929, 0.05179652, -0.17485449, -0.10136612, -0.08973664, -0.048744813, 0.024867278, 0.05336361, 0.036826663, 0.0051574856, 0.022351682, -0.013670817, -0.031836715, 0.13452248, 0.048208702, -0.09542766, 0.024454884, -0.037919506, 0.017722575, 0.099304155, 0.06429201, 0.06957064, 0.04218777, 0.013371832, 0.0018325698, -0.058147363, 0.026248792, 0.02189805, 0.047383916, -0.046806566, -0.038558714, 0.0031805784, -0.06062172, 0.07142641, -0.0076189544, 0.09551014, -0.06288988, 0.06552919, 0.08495289, 0.041754756, -0.044208493, 0.0041110395, 0.047301438, 0.04886853, -0.039012346, 0.048497375, 0.06957064, -0.06082792, 0.009464411, 0.12347036, -0.098149456, -0.050064467, -0.0789732, -0.05097173, 0.004381672, -0.01851643, 0.018650457, 0.058229845, -0.094602875, 0.043012556, 0.02081552, 0.009778861, 0.0102634225, -0.02575392, -0.059673216, -0.117037036, -0.060869157, -0.026042596, 0.048456136, -0.06775612, -0.0641683, -0.067797355, -0.011454206, -0.13287291, -0.037548352, -0.0030774802, -0.12363532, 0.06227129, -0.023795057, 0.040187664, 0.03478532, 0.115552425, 0.056332838, 0.012588286, -0.038558714, 0.10713961, 0.10045885, -0.050765537, 0.05443583, 0.053734764, 0.013763605, 0.00083638384, -0.04037324, 0.0036574074, -0.066395216, 0.03534205, -0.22500144, 0.013804845, -0.044620886, 0.005239964, -0.054848224, 0.009773706, -0.00070879987, -0.0933657, 0.03647613, -0.08115888, -0.014134758, 0.05385848, -0.05897215, -0.054229636, -0.0704779, -0.027279774, 0.0618589, 0.011443896, -0.056703992, -0.0087839635, 0.0047090086, -0.019330906, 0.059631977, -0.036909144, 0.029960327, -0.013114086, -0.089571685, 0.09377809, -0.08948921, -0.056992665, 0.027650928, -0.035362672, -0.060333047, -0.0012320231, -0.0027089042, -0.027217915, -0.031300604, 0.025485866, -0.042600162, 0.01570185, -0.05740506, 0.019238118, -0.15423486, -0.0057374127, 0.035053376, 0.062312532, -0.033506904, 0.011402657, -0.04664161, -0.0057631875, 0.10045885, -0.04561063, -0.075467855, 0.07633388, 0.015908048, -0.11654217, 0.021588756, 0.055136897, -0.1628951, 0.058889672, -0.051466603, -0.12594472, -0.061941378, 0.041218646, 0.106562264, -0.09979902, -0.003446056, -0.08091144, -0.023176467, 0.009232441, -0.073653325, 0.0560854, -0.05278626, -0.03202229, -0.0697356, -0.063096076, 0.022722835, 0.049157206, -0.07847832, -0.014866755, 0.0034718306, 0.061982617, 0.08750972, 0.046311695, -0.0013866703, -0.15497716, 0.029630413, 0.011351108, -0.0258364, 0.078684516, 0.016609114, 0.01966082, 0.13468744, 0.0073921382, 0.025052855, -0.027032338, 0.088499464, 0.02977475, -0.042002194, -0.1010362, 0.09889176, 0.03309451, 0.03975465, 0.00953658, -0.0040723775, -0.018588599, 0.07534414, 0.038888626, -0.042435203, -0.063137315, -0.04614674, 0.031919193, -0.044167254, -0.041486703, 0.011382038, 0.16437972, 0.01066035, -0.0493634, 0.050188188, -0.05109545, -0.007356054, -0.029506695, -0.0005177461, -0.07534414, -0.033465665, -0.0009420595, -0.05175528, 0.05781745, 0.10243834, -0.047054004, -0.041177407, 0.06239501, 0.034311067, 0.053693525, 0.06585911, 0.013309973, 0.013093467, -0.006959126, 0.023114609, 0.039527837, 0.13394514, -0.013773914, 0.00015182815, -0.021753713, 0.045734346, -0.054105915]}, {'技能名': 'Java（Java）:掌握Java程式設計語言，應用於Web專案開發與Web Service呼叫;  \nSpring / Spring Boot（Spring / Spring Boot）:建立高效、擴充性強的後端架構;  \nWeb開發技術（Web Development Technologies）:包含HTML、CSS、JavaScript，並具備Vue/React/Angular框架經驗，用於前端界面開發;  \n資料庫管理（Database Management）:操作MSSQL、MySQL、Oracle等關聯式資料庫，進行資料存取與管理;  \nWeb Service（Web Service）:設計與呼叫Web服務，實現系統整合與資料交換;  \nUML（UML）:使用統一建模語言進行系統設計與架構規劃;  \nOOAD（Object-Oriented Analysis and Design）:進行物件導向分析與設計，提升系統模組化與可維護性;  \n問題診斷（Troubleshooting）:快速定位並解決技術問題，確保專案順利進行;  \n系統架構設計（System Architecture Design）:建立高效率且可擴充的程式碼架構;  \n專案管理（Project Management）:協調專案進度，確保按時交付;  \n版本控制（Version Control）:使用Git或其他工具管理程式碼版本，維持專案整合性;', '向量': [-0.0900985, 0.09825027, 0.12261977, -0.018802699, 0.09370244, -0.015102224, -0.09370244, -0.007229332, 0.05427362, 0.0040919734, 0.09919416, -0.020508135, -0.046293467, -0.036940385, 0.05024064, -0.006017293, -0.13549098, 0.022739146, -0.04685122, -0.034602113, 0.038549285, -0.013075008, 0.044105362, 0.0021814026, 0.07555403, 0.06328347, -0.034645017, 0.13265932, 0.008843597, -0.040222544, 0.005561437, -0.050798394, 0.0041563297, 0.044706017, 0.10108194, 0.030976722, 0.024905799, -0.01683984, 0.08743845, -0.043826483, 0.029925574, -0.001027686, -0.01737614, -0.029367821, -0.020744108, 0.02501306, -0.05882145, 0.04125224, -0.09335921, 0.06366961, -0.05946501, -0.049554177, 0.094303094, 0.014705363, -0.043204375, 0.018867055, 0.033786938, 0.06735936, 0.03887107, -0.007894345, 0.1517087, -0.037026193, -0.0057062386, 0.058049176, -0.08735264, -0.055002987, 0.010935169, -0.12656695, -0.06311186, -0.09619088, -0.006322984, 0.083276756, -0.08915461, -0.026042758, 0.07285107, 0.075725645, -0.06521415, 0.041295145, -0.016947098, -0.08572229, -0.029131848, 0.026836481, 0.030204449, -0.12527981, -0.021183873, 0.010232615, -0.03531003, -0.04444859, -0.061224077, 0.0033626046, -0.06281152, 0.04994031, -0.030654943, 0.027522946, -0.026793579, 0.03539584, 0.002724407, -0.02481999, -0.06946165, 0.041595474, 0.07370915, -0.15282422, -0.011230134, 0.022224296, -0.0037996897, -0.099022545, 0.05238584, -0.0699765, -0.025935497, 0.022288652, -0.20113418, -0.041681282, -0.03095527, 0.099022545, 0.07499628, 0.016389346, 0.013461145, -0.106659465, -0.033636775, -0.04241065, -0.006290806, -0.030182997, -0.010248705, -0.11953068, 0.014136883, 0.027544398, 0.030912366, 0.05680496, -0.041273694, 0.0339371, 0.07761342, -0.019939655, 0.07885764, -0.094303094, 0.053715866, -0.040115286, -0.093530826, 0.00895622, -0.15840174, -0.041123528, 0.12562305, -0.07551112, -0.010699197, 0.024605472, 0.05766304, -0.05556074, 0.022288652, -0.019296095, -0.0763692, -0.019939655, -0.06263991, -0.031234147, -0.131458, -0.061224077, 0.070233926, 0.02374739, -0.006558956, 0.02008982, 0.027008098, -0.057963368, 0.05225713, 0.014093979, 0.05543203, 0.083362564, 0.039600436, -0.1378078, -0.0044003464, 0.055903975, -0.10580138, -0.038978327, -0.031663187, -0.11712805, 0.021173147, 0.0117449835, 0.051141623, -0.04314002, 0.028659904, -0.053887483, 0.0048374315, -0.024648376, -0.051270336, 0.022417365, -0.10640204, 0.03318628, -0.10846143, -0.15428296, -0.012013134, -0.019789493, -0.064956725, 0.03972915, -0.06710193, 0.03400146, -0.001791244, 0.08786749, 0.0985935, -0.1271676, -0.007122072, -0.041574024, 0.024498211, -0.02670777, -0.049811598, -0.012924844, 0.049983215, -0.083791606, 0.025892593, 0.0068271067, 0.041423857, 0.060923748, 0.05650463, -0.15960306, 0.06637256, -0.047838014, 0.06126698, 0.054831374, -0.05556074, 0.023125282, 0.07696986, 0.01761211, 0.009052754, -0.079544105, -0.024519663, -0.020347245, 0.017837359, -0.06697322, 0.02089427, 0.08679489, 0.059035968, -0.04534958, 0.06306895, -0.12450755, -0.017322509, -0.03902123, -0.010077088, 0.02469128, -0.01463028, -0.12905538, -0.06053761, 0.04389084, 0.01734396, -0.052085515, -0.010613388, 0.031083982, -0.03116979, 0.018566726, 0.116441585, 0.03880671, 0.02003619, -0.07589726, 0.004893743, 0.018523823, 0.14801897, -0.034366142, -0.01828785, -0.038720902, 0.03964334, -0.07289398]}]"
803ad,2025/07/14,2007001001,iOS,軟體專案主管、軟體工程師、iOS工程師,APP開發工程師-iOS,SGS _ 台灣檢驗科技股份有限公司,https://www.104.com.tw/company/azqe3aw,檢測技術服務,新北市五股區五工路134號﹝新北產業園區﹞,五股區,新北市,台灣,待遇面議,0,0,【職務說明】 1. 負責公司iOS專案開發及維護。 2. 執行各類後台API串接開發與資料庫應用。 3. 可獨立規劃軟體架構及模組之設計，並控管開發進度者佳。 4. 完成主管交辦之工作任務。  【須具備】 1. 具有3年以上的Swift開發經驗。 2. 善溝通協調，專案時程掌握。 3. 重視資安。 4. 良好的Code style習慣。  【我們希望您，但非必備】  1. 具備良好的溝通和團隊合作能力。 2. 對新技術和趨勢保持敏感，並具有學習新技術的能力。,,3年以上,大學以上,,,,,,,,,,,,,,,,,,,,年終獎金、三節獎金/禮品、特殊節日獎金禮品、專業證照獎金、醫務室、結婚禮金、社團補助、旅遊補助、住院慰問金、外語學習補助、家庭日、特約商店、電影觀賞、員工團體保險,哺乳室,"公司制度：
享有週休二日，每日工時7.5小時比勞基法工時制度更優越，有更多的自由時間來休息和放鬆。
保險退休：
我們提供全面的保險退休計劃，包括勞保、健保、團體保險和退休金，確保在退休後能夠獲得保障。
獎金福利：
除了年終獎金，還可以享受到三節、勞動節及生日禮券，讓你在特殊節日和個人生日感受到特別的祝福。
補助津貼：
我們提供多項補助津貼，包括英語課程補助、結婚禮金、生育津貼、公傷慰問金、喪葬慰問金以及撫卹金，讓你在不同的生活階段都能獲得適當的支援。
休假福利：
我們重視員工的休閒和放鬆，因此我們設立了特別休假制度，並根據年資逐年增加休假天數，讓你有更多的時間去旅行或追求自己的興趣。
交通福利：
我們提供大台北地區舒適便捷的交通車，定點定時免費接送上下班，讓你的通勤更加輕鬆和便利。
休閒育樂：
我們鼓勵員工參與多元的社團活動，並提供旅遊補助，讓你能夠與同事一同享受休閒娛樂的樂趣，同時我們還舉辦年終尾牙晚宴，為你帶來歡樂和回憶。
員工照護：
我們重視員工的健康和福祉，定期提供員工健康檢查、醫生駐診服務和護理師健康諮詢管理服務。此外，我們設置了哺乳室、醫務室和心臟電擊器(AED)，並提供年度教育訓練和專業健康講座，以確保你的身心健康得到全方位的照顧。",,https://www.104.com.tw/job/803ad,2025-07-18 00:14:19,"【職務說明】 1. 負責公司iOS專案開發及維護。 2. 執行各類後台API串接開發與資料庫應用。 3. 可獨立規劃軟體架構及模組之設計，並控管開發進度者佳。 4. 完成主管交辦之工作任務。  【須具備】 1. 具有3年以上的Swift開發經驗。 2. 善溝通協調，專案時程掌握。 3. 重視資安。 4. 良好的Code style習慣。  【我們希望您，但非必備】  1. 具備良好的溝通和團隊合作能力。 2. 對新技術和趨勢保持敏感，並具有學習新技術的能力。
nan
nan","Swift（Swift Programming Language）: iOS專案開發與維護; 具備3年以上的Swift開發經驗; 良好的Code style習慣;  
API串接（API Integration）: 執行後台API串接開發; 與後台服務進行資料傳輸與整合;  
資料庫（Database）: 資料庫應用; 設計與操作資料庫以支援應用需求;  
軟體架構設計（Software Architecture Design）: 獨立規劃軟體架構與模組設計; 控管開發進度;  
資安（Cybersecurity）: 重視資安; 了解安全措施與最佳實務;  
版本控制（Version Control）: 可能在團隊合作中使用Git等工具管理程式碼版本;  
敏捷開發（Agile Development）: 可能涉及專案時程掌握與進度控管;  
學習新技術（Learning New Technologies）: 持續追蹤新技術與趨勢，提升專業技能;","[0.05178848, 0.067803875, 0.050862964, -0.008455364, 0.036597997, -0.06035953, -0.0180475, 0.088124916, -0.019717447, -0.078185715, 0.05412238, -0.012987359, -0.051989675, -0.013309277, 0.03889166, -0.0075248214, -0.18993132, -0.050339848, -0.018882474, -0.0015919827, 0.051909197, 0.053277347, 0.021628832, 0.040521365, 0.048408344, -0.0031889952, -0.018892532, 0.09037834, 0.04080304, -0.027906222, 0.067803875, -0.0041849273, 0.00905393, 0.0799965, 0.0795941, 0.06969514, 0.068729386, 0.04655732, 0.00023232131, -0.05536981, 0.017604863, -0.06538949, -0.028590297, -0.011780168, 0.048046187, -0.022091588, -0.13906837, 0.07975506, 0.00048633435, 0.08796395, -0.039434895, 0.024948606, 0.09778244, 0.042815026, -0.07388007, 0.04792547, 0.10446223, -0.007565061, -0.0795941, 0.09882867, 0.04213095, -0.098426275, 0.012967239, 0.08144513, -0.09673621, -0.1057499, -0.052029915, -0.0308236, -0.056858677, -0.02846958, 0.08884923, 0.05520885, -0.05021913, 0.010004592, 0.056255084, -0.01279622, -0.020190263, 0.013993351, 0.03508901, -0.045148928, -0.08410095, -0.07882955, 0.01813804, -0.09464374, -0.0719888, -0.05009841, -0.06820627, -0.16884573, 0.0066395486, -0.003596422, -0.09424134, 0.2052224, -0.07476534, -0.036095, -0.031547915, -0.039575733, 0.012665441, 0.075409174, 0.00773105, 0.09770196, 0.057985388, 0.022413505, -0.03488781, 0.023379259, 0.02826838, -0.01153873, -0.039173335, 0.040561605, -0.026216157, 0.06538949, -0.15419848, 0.07802475, 0.010230941, 0.014415868, -0.03585356, 0.020200323, -0.010180641, -0.021608712, 0.016377553, -0.046678036, 0.06265319, 0.052432314, -0.050460566, -0.05263351, -0.0439015, 0.051466558, 0.08844683, 0.0010946452, -0.042694308, 0.034404933, 0.023439618, -0.094402306, 0.13182521, -0.046034202, -0.026558194, 0.0054474478, -0.06152648, 0.013550715, -0.086676285, -0.003855465, 0.053679742, -0.039595854, -0.001070753, -0.046517078, 0.0036240867, -0.07243144, 0.011760049, 0.040340286, -0.03891178, 0.08635437, -0.00900363, 0.016971089, -0.095689975, 0.017785942, 0.12595022, -0.012061846, -0.030582162, 0.030441323, 0.0012009032, 0.002303722, -0.016065694, -0.013973231, 0.0019063551, 0.02442549, 0.07947338, -0.12780124, 0.059876654, 0.062009357, -0.09995538, 0.044545334, -0.04378078, -0.07882955, -0.067884356, 0.02191051, 0.09609237, -0.053357825, 0.076374926, -0.107520446, -0.007539911, -0.00639811, -0.06820627, 0.05001793, -0.047885228, -0.063820146, -0.1279622, -0.12884748, 0.054605257, 0.06699908, -0.10092113, -0.011900888, -0.026055198, 0.038630098, 0.11130297, 0.04997769, 0.016920788, -0.12570879, -0.0028997725, -0.08917115, -0.03587368, 0.028429339, -0.0142247295, -0.0049117566, 0.03742291, -0.017152166, 0.010452258, -0.05794515, 0.01813804, 0.12079954, 0.03311726, -0.12900844, 0.083215676, -0.011307352, -0.030079165, 0.03981717, -0.050581288, -0.056858677, 0.09762148, 0.0049369065, -0.06852819, -0.044424616, 0.011397892, 0.05174824, 0.022212308, -0.038992256, 0.011729869, 0.20763679, 0.010643397, -0.066395484, 0.05673796, -0.07532869, 0.020451821, 0.0026206097, -0.0618484, -0.07243144, -0.014617066, 0.01664917, 0.03730219, -0.010562918, 0.010442199, -0.022876263, -0.010059922, 0.07174736, -0.0077260197, -0.011136333, 0.044424616, -0.02834886, 0.034988407, -0.026538074, 0.054404058, 0.014677426, 0.18606831, 0.046476837, 0.11758037, -0.0015278506, -0.063739665, -0.028570177]","[-0.040717192, 0.05738981, 0.060604326, 0.045260374, 0.0808772, -0.022115864, -0.09240659, 0.0808772, 0.05747553, 0.01270805, 0.06531895, -0.0006522787, -0.07581969, -0.023058789, 0.092235155, 0.06360454, -0.13972425, -0.00096234545, -0.027066218, 0.01896564, 0.0016327058, 0.024901778, 0.014315307, 0.06540467, 0.057518393, -0.015043931, -0.04046003, 0.09686406, 0.017433386, -0.00971855, 0.054818198, -0.02777341, -0.0013601417, 0.04309593, 0.09917851, 0.09094935, 0.058632758, 0.018676333, 0.03600257, -0.033795267, 0.041081503, -0.01881563, -0.04206729, -0.00785949, -0.006916565, 0.0035600755, -0.08897778, 0.05666119, -0.09360668, 0.104750335, -0.07367669, -0.0029091362, 0.019565683, -0.04658904, -0.045088932, 0.040781483, 0.00346364, 0.002714926, -0.049889274, 0.06257589, 0.100378595, -0.04903207, 0.020872919, -0.0096328305, -0.0342453, -0.058632758, -0.026959067, 0.0018684369, -0.053703833, -0.04440317, 0.085420385, 0.021751553, 0.007302307, -0.019758552, 0.02554468, 0.085720405, -0.021269375, 0.01699407, 0.01932995, -0.06656189, -0.050060716, -0.057861272, 0.002701532, -0.0844346, -0.04890349, 0.029487818, -0.08627759, -0.12703764, -0.03625973, 0.05498964, -0.03861704, 0.10800771, -0.030173583, -0.049717832, -0.01597614, -0.026273305, 0.044274587, -0.013200942, -0.05134652, 0.111865126, 0.07611972, -0.072605185, -0.02976641, -0.007773769, 0.03840274, -0.09026358, 0.00991678, -0.0422173, -0.035402525, -0.010120365, -0.21738695, -0.007463033, -0.022094434, 0.12206586, 0.02770912, 0.013404529, -0.023851702, -0.11537966, -0.02955211, -0.061375808, 0.028116293, 0.025758982, 0.035231087, -0.09052075, -0.045217514, 0.019597827, 0.11452246, -0.0023506142, -0.05528966, -0.03615258, 0.109122075, -0.03409529, 0.15061074, -0.04309593, 0.0724766, -0.029873561, -0.13800985, -0.032188013, -0.20641473, -0.059232797, 0.073419526, -0.10115007, 0.06540467, 0.018344166, -0.0029171724, -0.08074862, 0.029209228, -0.013340238, -0.03803843, 0.059018496, -0.05790413, 0.022008713, -0.16501178, 0.024837486, 0.07993428, 0.02316594, -0.043974567, 0.03820987, -0.036902633, -0.017422672, -0.013040217, -0.008904207, -0.094978206, 0.04843203, 0.037095506, -0.11812272, 0.051475104, 0.04894635, -0.094463885, -0.019404957, -0.016983354, -0.11760839, -0.040009998, -0.013500963, 0.05794699, -0.054261014, 0.10140724, -0.081648685, -0.023830272, -0.0722623, -0.04448889, 0.030237872, -0.15275376, 0.031223657, -0.081262946, -0.1865276, 0.0124723185, 0.041467246, -0.043631684, 0.056189723, -0.046203297, 0.02777341, 0.07011929, 0.01803343, 0.032530893, -0.09857847, -0.0007232659, -0.05708979, 0.0038279518, -0.028459175, 0.011422244, 0.036195442, 0.04007429, -0.049803555, 0.06390456, 0.05936138, 0.04898921, 0.1109222, -0.008025573, -0.08079148, 0.07251946, -0.00020057235, 0.026723336, 0.06604757, -0.07307664, 0.020004999, 0.08837774, -0.08430602, -0.02340167, 0.009086363, -0.00078554713, -0.003667226, 0.05516108, -0.04444603, 0.037909847, 0.14572468, 0.013758125, -0.07663404, 0.06814772, -0.11983713, -0.020497892, -0.0017023536, -0.10269304, -0.10406457, 0.0017974498, -0.03857418, 0.024880348, -0.051603682, 0.0118187005, -0.036409743, 0.0022300698, 0.055632543, -0.02749482, 0.06009, 0.0552468, 0.026187584, 0.009225658, -0.047831986, 0.030752195, -0.0032921992, 0.13338095, -0.032680903, 0.04410315, 0.0063218796, 0.011250803, -0.04309593]","[{'技能名': '【職務說明】 1. 負責公司iOS專案開發及維護。 2. 執行各類後台API串接開發與資料庫應用。 3. 可獨立規劃軟體架構及模組之設計，並控管開發進度者佳。 4. 完成主管交辦之工作任務。  【須具備】 1. 具有3年以上的Swift開發經驗。 2. 善溝通協調，專案時程掌握。 3. 重視資安。 4. 良好的Code style習慣。  【我們希望您，但非必備】  1. 具備良好的溝通和團隊合作能力。 2. 對新技術和趨勢保持敏感，並具有學習新技術的能力。\nnan\nnan', '向量': [0.05178848, 0.067803875, 0.050862964, -0.008455364, 0.036597997, -0.06035953, -0.0180475, 0.088124916, -0.019717447, -0.078185715, 0.05412238, -0.012987359, -0.051989675, -0.013309277, 0.03889166, -0.0075248214, -0.18993132, -0.050339848, -0.018882474, -0.0015919827, 0.051909197, 0.053277347, 0.021628832, 0.040521365, 0.048408344, -0.0031889952, -0.018892532, 0.09037834, 0.04080304, -0.027906222, 0.067803875, -0.0041849273, 0.00905393, 0.0799965, 0.0795941, 0.06969514, 0.068729386, 0.04655732, 0.00023232131, -0.05536981, 0.017604863, -0.06538949, -0.028590297, -0.011780168, 0.048046187, -0.022091588, -0.13906837, 0.07975506, 0.00048633435, 0.08796395, -0.039434895, 0.024948606, 0.09778244, 0.042815026, -0.07388007, 0.04792547, 0.10446223, -0.007565061, -0.0795941, 0.09882867, 0.04213095, -0.098426275, 0.012967239, 0.08144513, -0.09673621, -0.1057499, -0.052029915, -0.0308236, -0.056858677, -0.02846958, 0.08884923, 0.05520885, -0.05021913, 0.010004592, 0.056255084, -0.01279622, -0.020190263, 0.013993351, 0.03508901, -0.045148928, -0.08410095, -0.07882955, 0.01813804, -0.09464374, -0.0719888, -0.05009841, -0.06820627, -0.16884573, 0.0066395486, -0.003596422, -0.09424134, 0.2052224, -0.07476534, -0.036095, -0.031547915, -0.039575733, 0.012665441, 0.075409174, 0.00773105, 0.09770196, 0.057985388, 0.022413505, -0.03488781, 0.023379259, 0.02826838, -0.01153873, -0.039173335, 0.040561605, -0.026216157, 0.06538949, -0.15419848, 0.07802475, 0.010230941, 0.014415868, -0.03585356, 0.020200323, -0.010180641, -0.021608712, 0.016377553, -0.046678036, 0.06265319, 0.052432314, -0.050460566, -0.05263351, -0.0439015, 0.051466558, 0.08844683, 0.0010946452, -0.042694308, 0.034404933, 0.023439618, -0.094402306, 0.13182521, -0.046034202, -0.026558194, 0.0054474478, -0.06152648, 0.013550715, -0.086676285, -0.003855465, 0.053679742, -0.039595854, -0.001070753, -0.046517078, 0.0036240867, -0.07243144, 0.011760049, 0.040340286, -0.03891178, 0.08635437, -0.00900363, 0.016971089, -0.095689975, 0.017785942, 0.12595022, -0.012061846, -0.030582162, 0.030441323, 0.0012009032, 0.002303722, -0.016065694, -0.013973231, 0.0019063551, 0.02442549, 0.07947338, -0.12780124, 0.059876654, 0.062009357, -0.09995538, 0.044545334, -0.04378078, -0.07882955, -0.067884356, 0.02191051, 0.09609237, -0.053357825, 0.076374926, -0.107520446, -0.007539911, -0.00639811, -0.06820627, 0.05001793, -0.047885228, -0.063820146, -0.1279622, -0.12884748, 0.054605257, 0.06699908, -0.10092113, -0.011900888, -0.026055198, 0.038630098, 0.11130297, 0.04997769, 0.016920788, -0.12570879, -0.0028997725, -0.08917115, -0.03587368, 0.028429339, -0.0142247295, -0.0049117566, 0.03742291, -0.017152166, 0.010452258, -0.05794515, 0.01813804, 0.12079954, 0.03311726, -0.12900844, 0.083215676, -0.011307352, -0.030079165, 0.03981717, -0.050581288, -0.056858677, 0.09762148, 0.0049369065, -0.06852819, -0.044424616, 0.011397892, 0.05174824, 0.022212308, -0.038992256, 0.011729869, 0.20763679, 0.010643397, -0.066395484, 0.05673796, -0.07532869, 0.020451821, 0.0026206097, -0.0618484, -0.07243144, -0.014617066, 0.01664917, 0.03730219, -0.010562918, 0.010442199, -0.022876263, -0.010059922, 0.07174736, -0.0077260197, -0.011136333, 0.044424616, -0.02834886, 0.034988407, -0.026538074, 0.054404058, 0.014677426, 0.18606831, 0.046476837, 0.11758037, -0.0015278506, -0.063739665, -0.028570177]}, {'技能名': 'Swift（Swift Programming Language）: iOS專案開發與維護; 具備3年以上的Swift開發經驗; 良好的Code style習慣;  \nAPI串接（API Integration）: 執行後台API串接開發; 與後台服務進行資料傳輸與整合;  \n資料庫（Database）: 資料庫應用; 設計與操作資料庫以支援應用需求;  \n軟體架構設計（Software Architecture Design）: 獨立規劃軟體架構與模組設計; 控管開發進度;  \n資安（Cybersecurity）: 重視資安; 了解安全措施與最佳實務;  \n版本控制（Version Control）: 可能在團隊合作中使用Git等工具管理程式碼版本;  \n敏捷開發（Agile Development）: 可能涉及專案時程掌握與進度控管;  \n學習新技術（Learning New Technologies）: 持續追蹤新技術與趨勢，提升專業技能;', '向量': [-0.040717192, 0.05738981, 0.060604326, 0.045260374, 0.0808772, -0.022115864, -0.09240659, 0.0808772, 0.05747553, 0.01270805, 0.06531895, -0.0006522787, -0.07581969, -0.023058789, 0.092235155, 0.06360454, -0.13972425, -0.00096234545, -0.027066218, 0.01896564, 0.0016327058, 0.024901778, 0.014315307, 0.06540467, 0.057518393, -0.015043931, -0.04046003, 0.09686406, 0.017433386, -0.00971855, 0.054818198, -0.02777341, -0.0013601417, 0.04309593, 0.09917851, 0.09094935, 0.058632758, 0.018676333, 0.03600257, -0.033795267, 0.041081503, -0.01881563, -0.04206729, -0.00785949, -0.006916565, 0.0035600755, -0.08897778, 0.05666119, -0.09360668, 0.104750335, -0.07367669, -0.0029091362, 0.019565683, -0.04658904, -0.045088932, 0.040781483, 0.00346364, 0.002714926, -0.049889274, 0.06257589, 0.100378595, -0.04903207, 0.020872919, -0.0096328305, -0.0342453, -0.058632758, -0.026959067, 0.0018684369, -0.053703833, -0.04440317, 0.085420385, 0.021751553, 0.007302307, -0.019758552, 0.02554468, 0.085720405, -0.021269375, 0.01699407, 0.01932995, -0.06656189, -0.050060716, -0.057861272, 0.002701532, -0.0844346, -0.04890349, 0.029487818, -0.08627759, -0.12703764, -0.03625973, 0.05498964, -0.03861704, 0.10800771, -0.030173583, -0.049717832, -0.01597614, -0.026273305, 0.044274587, -0.013200942, -0.05134652, 0.111865126, 0.07611972, -0.072605185, -0.02976641, -0.007773769, 0.03840274, -0.09026358, 0.00991678, -0.0422173, -0.035402525, -0.010120365, -0.21738695, -0.007463033, -0.022094434, 0.12206586, 0.02770912, 0.013404529, -0.023851702, -0.11537966, -0.02955211, -0.061375808, 0.028116293, 0.025758982, 0.035231087, -0.09052075, -0.045217514, 0.019597827, 0.11452246, -0.0023506142, -0.05528966, -0.03615258, 0.109122075, -0.03409529, 0.15061074, -0.04309593, 0.0724766, -0.029873561, -0.13800985, -0.032188013, -0.20641473, -0.059232797, 0.073419526, -0.10115007, 0.06540467, 0.018344166, -0.0029171724, -0.08074862, 0.029209228, -0.013340238, -0.03803843, 0.059018496, -0.05790413, 0.022008713, -0.16501178, 0.024837486, 0.07993428, 0.02316594, -0.043974567, 0.03820987, -0.036902633, -0.017422672, -0.013040217, -0.008904207, -0.094978206, 0.04843203, 0.037095506, -0.11812272, 0.051475104, 0.04894635, -0.094463885, -0.019404957, -0.016983354, -0.11760839, -0.040009998, -0.013500963, 0.05794699, -0.054261014, 0.10140724, -0.081648685, -0.023830272, -0.0722623, -0.04448889, 0.030237872, -0.15275376, 0.031223657, -0.081262946, -0.1865276, 0.0124723185, 0.041467246, -0.043631684, 0.056189723, -0.046203297, 0.02777341, 0.07011929, 0.01803343, 0.032530893, -0.09857847, -0.0007232659, -0.05708979, 0.0038279518, -0.028459175, 0.011422244, 0.036195442, 0.04007429, -0.049803555, 0.06390456, 0.05936138, 0.04898921, 0.1109222, -0.008025573, -0.08079148, 0.07251946, -0.00020057235, 0.026723336, 0.06604757, -0.07307664, 0.020004999, 0.08837774, -0.08430602, -0.02340167, 0.009086363, -0.00078554713, -0.003667226, 0.05516108, -0.04444603, 0.037909847, 0.14572468, 0.013758125, -0.07663404, 0.06814772, -0.11983713, -0.020497892, -0.0017023536, -0.10269304, -0.10406457, 0.0017974498, -0.03857418, 0.024880348, -0.051603682, 0.0118187005, -0.036409743, 0.0022300698, 0.055632543, -0.02749482, 0.06009, 0.0552468, 0.026187584, 0.009225658, -0.047831986, 0.030752195, -0.0032921992, 0.13338095, -0.032680903, 0.04410315, 0.0063218796, 0.011250803, -0.04309593]}]"
8peay,2025/07/15,2007001001,iOS,Internet程式設計師、Android工程師、軟體專案主管,【工程部】iOS Manager｜部門(JIRA479),全曜財經資訊股份有限公司,https://www.104.com.tw/company/10r4uuvc,電腦軟體服務業,新北市板橋區文化路一段268號10樓之2,板橋區,新北市,台灣,待遇面議,0,0,"【工作內容】 1. 帶領 iOS 開發團隊（20-30人），負責新功能開發、系統重構與效能優化。 2. 設計並落實高品質的 iOS 應用架構，推動模組化與最佳開發實踐。 3. 與產品經理、設計師、後端工程師緊密合作，確保產品開發符合需求並具備良好用戶體驗。 4. 持續追蹤 iOS 平台新技術（如 SwiftUI、Combine、Concurrency 等），評估並導入合適技術。 5. 帶領團隊進行 Code Review、技術分享，培養良好工程文化與技術標準。 6. 支援應用上線、監控、除錯與問題排查，確保 App 穩定運作。 7. 參與中長期產品技術規劃，協助制定與執行技術發展藍圖。  【基本條件】  1. 8 年以上 iOS 原生開發經驗，熟悉 Swift 與 iOS SDK。 2. 有帶領至少 4人以上 iOS 團隊的經驗，具備技術指導與人才培育能力。 3. 熟悉常見 iOS 架構模式（MVC、MVVM、VIPER、Clean Architecture 等）。 4. 熟練使用 SwiftUI、Combine 或相關新技術，有良好模組化設計經驗。 5. 熟悉 Git、CI/CD 流程，了解自動化測試（如 Unit Test、UI Test）。 6. 對於效能優化、記憶體管理、App 生命周期、網路安全等有實務經驗。  【加分條件】 1. 有金融科技、電商、或大型會員系統開發經驗。 2. 熟悉與後端或網頁合作的模式, 或了解其開發技術（如 VueJS、ASP.NET）。 3. 熟悉 Swift Concurrency（async/await）、Combine 深度應用。 4. 具備 App 上線、版本管理、Crashlytics/Monitoring 等運維經驗。 5. 曾參與過大型系統重構或架構重整專案。 6. 熱衷分享技術，參與過技術社群、技術講座者佳。",,8年以上,專科以上,,,,,,,,,,,,,,,,,,,,年終獎金、三節獎金/禮品、咖啡吧、生活工作諮詢、社團補助、員工進修補助、旅遊補助、外語學習補助、部門聚餐、社團活動、家庭日、特約商店、員工團體保險,哺乳室、週休二日、家庭照顧假、勞保、健保、陪產假、產假、特別休假、育嬰留停、女性生理假、勞退提撥金、產檢假、就業保險、員工體檢、職災保險,"《薪酬福利＠CMoney》
薪資及獎金、節金
具競爭力的整體薪酬制度，提供「彈性的調薪辦法」，吸引、激勵並留任優秀人才
依當年公司營運狀況及個人績效表現提供具競爭力的薪資、專案獎金及年終獎金。

基本保障
除勞健保、勞退保障，另提供正職同仁團體保險

活動及補助
活動類：節慶活動、尾牙、不定期公司/部門聚餐、多元化的社團活動
補助類(全職任職滿三個月)：國內外旅遊補助、超越極限補助、教育訓練補助。
其他：升降辦公桌、入職即可參加CMoney 退休福利金計畫(全職)、特約商店享有員工優惠、英文課。

學習與成長
我們非常重視員工成長，除了提供良好的工作與進修環境(CMoney教育訓練中心)，更享有免費資源學習投資理財、購書補助(併入教育訓練補助)。

快樂生活
我們認為孩子的成長只有一次，凡撫養未滿10歲子女，每個出勤工作日可提前於17:30下班，讓你有更多時間陪伴家人(全職適用)。另有合作幼兒園/托兒機構優惠。",,https://www.104.com.tw/job/8peay,2025-07-18 00:14:25,"【工作內容】 1. 帶領 iOS 開發團隊（20-30人），負責新功能開發、系統重構與效能優化。 2. 設計並落實高品質的 iOS 應用架構，推動模組化與最佳開發實踐。 3. 與產品經理、設計師、後端工程師緊密合作，確保產品開發符合需求並具備良好用戶體驗。 4. 持續追蹤 iOS 平台新技術（如 SwiftUI、Combine、Concurrency 等），評估並導入合適技術。 5. 帶領團隊進行 Code Review、技術分享，培養良好工程文化與技術標準。 6. 支援應用上線、監控、除錯與問題排查，確保 App 穩定運作。 7. 參與中長期產品技術規劃，協助制定與執行技術發展藍圖。  【基本條件】  1. 8 年以上 iOS 原生開發經驗，熟悉 Swift 與 iOS SDK。 2. 有帶領至少 4人以上 iOS 團隊的經驗，具備技術指導與人才培育能力。 3. 熟悉常見 iOS 架構模式（MVC、MVVM、VIPER、Clean Architecture 等）。 4. 熟練使用 SwiftUI、Combine 或相關新技術，有良好模組化設計經驗。 5. 熟悉 Git、CI/CD 流程，了解自動化測試（如 Unit Test、UI Test）。 6. 對於效能優化、記憶體管理、App 生命周期、網路安全等有實務經驗。  【加分條件】 1. 有金融科技、電商、或大型會員系統開發經驗。 2. 熟悉與後端或網頁合作的模式, 或了解其開發技術（如 VueJS、ASP.NET）。 3. 熟悉 Swift Concurrency（async/await）、Combine 深度應用。 4. 具備 App 上線、版本管理、Crashlytics/Monitoring 等運維經驗。 5. 曾參與過大型系統重構或架構重整專案。 6. 熱衷分享技術，參與過技術社群、技術講座者佳。
nan
nan","iOS 原生開發（iOS Native Development）: 熟悉 Swift、iOS SDK，進行新功能開發與系統重構;  
iOS 架構設計（iOS Architecture）: 掌握 MVC、MVVM、VIPER、Clean Architecture 等架構模式，設計高品質應用架構;  
SwiftUI: 使用 SwiftUI 進行界面設計與模組化開發;  
Combine: 運用 Combine 進行資料綁定、事件處理與反應式編程;  
Concurrency（併發處理）: 掌握 Swift Concurrency（async/await）與相關新技術，提升應用效能與響應速度;  
版本控制（Version Control）: 使用 Git 進行版本管理與協作;  
CI/CD 流程（Continuous Integration/Continuous Deployment）: 實作自動化測試、部署流程，確保產品品質;  
測試技術（Testing）: 進行單元測試（Unit Test）、UI 測試（UI Test）以確保程式穩定性;  
效能優化（Performance Optimization）: 進行記憶體管理、效能調校與 App 生命周期管理;  
網路安全（Network Security）: 保障應用資料傳輸安全，實務經驗包括網路安全措施;  
應用上線與運維（Deployment & Monitoring）: App 上線流程、版本管理、Crashlytics/Monitoring 工具的運用;  
大型系統重構（System Refactoring）: 參與大型架構調整與重構專案;  
技術分享與社群（Tech Sharing & Community）: 參與技術分享、社群活動，促進技術交流;  
後端與前端合作（Backend & Web Collaboration）: 了解後端技術（如 VueJS、ASP.NET）與合作模式;","[-0.02699323, 0.09030142, 0.004381982, 0.022365505, 0.009288587, -0.033686314, 0.005417422, 0.062468786, -0.033354975, -0.040025968, 0.015396303, -0.04181521, -0.12838352, 0.027965164, 0.080449544, 0.01225961, -0.15762986, -0.05376557, -0.014821978, -0.01061395, 0.017748822, 0.058271803, 0.03525466, 0.027412929, 0.008957246, -0.032272596, -0.06162939, 0.055665255, 0.028163968, -0.06467772, 0.07037678, -0.009327244, 0.023039231, 0.04758054, 0.08915277, 0.053588852, 0.087915756, 0.05071723, 0.026882784, -0.027987253, 0.050010372, -0.025491152, -0.03633704, -0.045945924, 0.032559756, -0.037308976, -0.13916314, 0.020797158, -0.04793397, 0.07006753, -0.037353154, 0.019052096, 0.067505166, 0.0266398, -0.09569123, 0.055665255, 0.06807949, 0.014799889, -0.040180594, 0.12025462, 0.08742979, -0.15992716, 0.056504652, 0.07660599, -0.05146827, -0.14517145, -0.040511936, -0.03415019, -0.03494541, -0.037905388, 0.033973478, 0.058227625, -0.05071723, 0.053058706, 0.06450101, -0.015661376, -0.01696465, 0.018146431, 0.00567145, -0.06052492, -0.019129409, -0.049966194, 0.040467758, -0.1321829, -0.04532742, -0.069228135, -0.028539488, -0.15047291, -0.037640315, 0.03428273, -0.050628874, 0.15462571, -0.054870035, -0.038700607, -0.043736987, 0.01567242, 0.07240901, 0.06511951, 0.0017243527, 0.10549891, 0.08159819, -0.0044399668, -0.030792605, 0.0050750365, 0.04647607, -0.01943866, -0.07081857, 0.0058371206, -0.006035925, 0.0863695, -0.13562883, 0.0819958, -0.042941768, 0.015793912, -0.023724, 0.035343017, 0.019239856, -0.06569383, 0.023966985, -0.04219073, 0.028274415, 0.041837297, -0.09904881, -0.050010372, -0.07514809, 0.023149677, 0.094896, -0.034017656, -0.026573533, 0.014932426, 0.044068325, -0.07033261, 0.1217567, -0.034371085, -0.023525197, 0.00010923892, -0.058227625, 0.022619532, -0.13792613, -0.006599204, 0.07461795, -0.045548316, -0.012303788, -0.027214125, 0.035232574, -0.0641034, 0.056504652, 0.05584197, -0.047403824, 0.06551712, 0.054649144, -0.034371085, -0.11495317, -0.054870035, 0.124849215, -0.0040368354, -0.03817046, 0.08230506, -0.029533511, -0.025424885, 0.012822889, -0.023282213, 0.006245774, 0.06127596, 0.04762472, -0.11778061, 0.03021828, 0.0154957045, -0.103996836, 0.04064447, -0.08274684, -0.095514506, -0.014347057, 0.05049634, 0.10558727, -0.014722576, 0.05584197, -0.09189185, -0.015816001, 0.021890583, -0.03596152, 0.0074827797, -0.10832635, -0.04115253, -0.15338871, -0.111860655, 0.1001091, 0.0049645896, -0.090831555, -0.010183208, -0.00038138707, 0.043516092, 0.08203998, 0.013341989, 0.059641343, -0.11150722, 0.05734405, -0.10169954, -0.025159812, -0.014722576, 0.026816515, 0.051998418, 0.08570682, -0.013264677, 0.07395527, -5.5352895e-05, 0.0106967855, 0.12325878, 0.0024381161, -0.12087312, 0.08305609, -0.01819061, 0.010917679, 0.04864083, -0.051777523, -0.03492332, 0.020885516, 0.04106417, -0.004299147, 0.04435549, 0.027324572, 0.018223744, 0.028230237, 0.011320811, 0.031477377, 0.1750363, 0.042787142, -0.022752069, 0.058978662, -0.09224528, 0.016975693, 0.015882269, -0.083409525, -0.10638249, 0.023370571, 0.02697114, 0.024099521, -0.024011163, 0.03711017, -0.02918008, -0.03242722, 0.08261431, 0.059287913, -0.016136298, 0.042941768, -0.003456989, -0.0011935172, -0.007024425, 0.080626264, -0.017307034, 0.1908523, -0.02381236, 0.108238, 0.035431378, -0.029003365, -0.054693323]","[-0.078377336, 0.027099008, 0.06687161, 0.07175938, 0.054024998, -0.030581003, -0.03670153, 0.01943213, -0.00875365, 0.08092936, 0.03350069, 0.032873496, -0.09663078, 0.04606615, 0.057398856, -0.046455443, -0.14057745, 0.014317273, 0.025152551, -0.005796117, 0.021843573, -0.004625539, 0.093602955, 0.057269093, 0.036571767, -0.033370923, -0.036182474, 0.10415708, 0.0170315, -0.035641793, 0.0408756, -0.033349298, -0.0125005795, 0.040594444, 0.13106143, 0.05069439, 0.06034017, 0.025195805, 0.028785937, 0.012035592, 0.032657225, 0.0152905015, -0.039296806, -0.013030449, -0.046887986, -0.018599479, -0.15381336, -0.017842524, -0.07534952, 0.042584155, -0.08477902, -0.050997175, 0.05657702, -0.037955914, -0.05601471, 0.04288694, 0.023725148, 0.006661209, -0.05951833, 0.0742249, 0.097063325, -0.111164324, 0.059648097, 0.020394545, -0.021854388, -0.055495653, 0.0030521527, -0.04559035, -0.036420375, -0.054544054, 0.07020222, -0.0044308933, -0.08153492, 0.010678479, 0.07625786, 0.032159798, -0.009126721, 0.037999168, 0.046195913, -0.08153492, 0.0018883337, -0.013354858, -0.009337587, -0.1118564, -0.01866436, -0.022362629, -0.038950767, -0.11791205, -0.053981744, 0.044249456, -0.04727728, 0.11176989, -0.029672656, -0.029629402, -0.038345203, 0.036571767, 0.033306044, -0.011959897, -0.011170501, 0.09265135, 0.0996586, -0.06877482, -0.027272027, 0.040075388, 0.040637698, -0.10259991, 0.0055636233, -0.026904361, -0.0140253045, 0.031835385, -0.21956035, -0.02411444, -0.040248405, 0.033435807, 0.035922945, 0.03300326, 0.03235444, -0.12768759, -0.03365208, -0.057096075, -0.012781735, 0.04584988, -0.016004203, -0.03140284, -0.01898877, -0.028223628, 0.08919099, -0.034841582, -0.062632665, -0.0058555915, 0.13573293, -0.033976488, 0.09282438, -0.10086973, 0.051732503, -0.0029250924, -0.069596656, 0.032808617, -0.17474858, -0.04364389, 0.087114766, -0.07271098, 0.060686205, 0.011624674, -0.0017450529, -0.044141322, 0.03964284, 0.054198015, -0.077771775, 0.015009346, 0.021800319, -0.06561723, -0.14870931, -0.022795174, 0.100004636, -0.003019712, -0.014371341, 0.07483046, -0.022297747, -0.034171134, 0.03998888, -0.035922945, -0.043535758, 0.0911807, -0.017734386, -0.14395131, 0.0075587416, 0.040334914, -0.0686883, -0.03466856, -0.04805586, -0.13555992, 0.016328612, 0.033068143, 0.080150776, 0.0041848826, 0.05311665, -0.07682017, 0.0054338593, -0.0059583215, -0.033046514, 0.0469745, -0.15917693, -0.010927194, -0.13789567, -0.13045588, 0.031186568, 0.054976597, -0.094122015, 0.04814237, -0.032246307, 0.09905304, 0.012781735, 0.034755073, 0.123967685, -0.08689849, 0.01762625, -0.079588465, -0.02198415, -0.046368934, 0.020578377, 0.012608716, 0.072537966, -0.06120526, 0.095852196, 0.029759165, 0.007483046, 0.1166144, 0.02612578, -0.106492825, 0.068039484, -0.022081474, 0.035209246, 0.07539277, -0.072018914, -0.019572707, 0.056404, 0.018437274, -0.018047983, 0.02292494, 0.0013922575, -0.03181376, 0.03678804, 0.005969135, 0.08166469, 0.11773902, 0.06090248, -0.048099115, 0.061335023, -0.12587088, 0.01907528, 0.02787759, -0.08988306, -0.06648232, 0.03300326, -0.069683164, -0.017712759, -0.06942364, -0.0006390191, -0.039448198, 0.0029115754, 0.044984784, 0.0046769036, 0.02355213, 0.056663528, 0.026947616, 0.0014787667, -0.02011339, 0.04308158, 0.0016896329, 0.1795931, -0.009180789, 0.009510606, 0.047450297, -0.000989449, -0.10969367]","[{'技能名': '【工作內容】 1. 帶領 iOS 開發團隊（20-30人），負責新功能開發、系統重構與效能優化。 2. 設計並落實高品質的 iOS 應用架構，推動模組化與最佳開發實踐。 3. 與產品經理、設計師、後端工程師緊密合作，確保產品開發符合需求並具備良好用戶體驗。 4. 持續追蹤 iOS 平台新技術（如 SwiftUI、Combine、Concurrency 等），評估並導入合適技術。 5. 帶領團隊進行 Code Review、技術分享，培養良好工程文化與技術標準。 6. 支援應用上線、監控、除錯與問題排查，確保 App 穩定運作。 7. 參與中長期產品技術規劃，協助制定與執行技術發展藍圖。  【基本條件】  1. 8 年以上 iOS 原生開發經驗，熟悉 Swift 與 iOS SDK。 2. 有帶領至少 4人以上 iOS 團隊的經驗，具備技術指導與人才培育能力。 3. 熟悉常見 iOS 架構模式（MVC、MVVM、VIPER、Clean Architecture 等）。 4. 熟練使用 SwiftUI、Combine 或相關新技術，有良好模組化設計經驗。 5. 熟悉 Git、CI/CD 流程，了解自動化測試（如 Unit Test、UI Test）。 6. 對於效能優化、記憶體管理、App 生命周期、網路安全等有實務經驗。  【加分條件】 1. 有金融科技、電商、或大型會員系統開發經驗。 2. 熟悉與後端或網頁合作的模式, 或了解其開發技術（如 VueJS、ASP.NET）。 3. 熟悉 Swift Concurrency（async/await）、Combine 深度應用。 4. 具備 App 上線、版本管理、Crashlytics/Monitoring 等運維經驗。 5. 曾參與過大型系統重構或架構重整專案。 6. 熱衷分享技術，參與過技術社群、技術講座者佳。\nnan\nnan', '向量': [-0.02699323, 0.09030142, 0.004381982, 0.022365505, 0.009288587, -0.033686314, 0.005417422, 0.062468786, -0.033354975, -0.040025968, 0.015396303, -0.04181521, -0.12838352, 0.027965164, 0.080449544, 0.01225961, -0.15762986, -0.05376557, -0.014821978, -0.01061395, 0.017748822, 0.058271803, 0.03525466, 0.027412929, 0.008957246, -0.032272596, -0.06162939, 0.055665255, 0.028163968, -0.06467772, 0.07037678, -0.009327244, 0.023039231, 0.04758054, 0.08915277, 0.053588852, 0.087915756, 0.05071723, 0.026882784, -0.027987253, 0.050010372, -0.025491152, -0.03633704, -0.045945924, 0.032559756, -0.037308976, -0.13916314, 0.020797158, -0.04793397, 0.07006753, -0.037353154, 0.019052096, 0.067505166, 0.0266398, -0.09569123, 0.055665255, 0.06807949, 0.014799889, -0.040180594, 0.12025462, 0.08742979, -0.15992716, 0.056504652, 0.07660599, -0.05146827, -0.14517145, -0.040511936, -0.03415019, -0.03494541, -0.037905388, 0.033973478, 0.058227625, -0.05071723, 0.053058706, 0.06450101, -0.015661376, -0.01696465, 0.018146431, 0.00567145, -0.06052492, -0.019129409, -0.049966194, 0.040467758, -0.1321829, -0.04532742, -0.069228135, -0.028539488, -0.15047291, -0.037640315, 0.03428273, -0.050628874, 0.15462571, -0.054870035, -0.038700607, -0.043736987, 0.01567242, 0.07240901, 0.06511951, 0.0017243527, 0.10549891, 0.08159819, -0.0044399668, -0.030792605, 0.0050750365, 0.04647607, -0.01943866, -0.07081857, 0.0058371206, -0.006035925, 0.0863695, -0.13562883, 0.0819958, -0.042941768, 0.015793912, -0.023724, 0.035343017, 0.019239856, -0.06569383, 0.023966985, -0.04219073, 0.028274415, 0.041837297, -0.09904881, -0.050010372, -0.07514809, 0.023149677, 0.094896, -0.034017656, -0.026573533, 0.014932426, 0.044068325, -0.07033261, 0.1217567, -0.034371085, -0.023525197, 0.00010923892, -0.058227625, 0.022619532, -0.13792613, -0.006599204, 0.07461795, -0.045548316, -0.012303788, -0.027214125, 0.035232574, -0.0641034, 0.056504652, 0.05584197, -0.047403824, 0.06551712, 0.054649144, -0.034371085, -0.11495317, -0.054870035, 0.124849215, -0.0040368354, -0.03817046, 0.08230506, -0.029533511, -0.025424885, 0.012822889, -0.023282213, 0.006245774, 0.06127596, 0.04762472, -0.11778061, 0.03021828, 0.0154957045, -0.103996836, 0.04064447, -0.08274684, -0.095514506, -0.014347057, 0.05049634, 0.10558727, -0.014722576, 0.05584197, -0.09189185, -0.015816001, 0.021890583, -0.03596152, 0.0074827797, -0.10832635, -0.04115253, -0.15338871, -0.111860655, 0.1001091, 0.0049645896, -0.090831555, -0.010183208, -0.00038138707, 0.043516092, 0.08203998, 0.013341989, 0.059641343, -0.11150722, 0.05734405, -0.10169954, -0.025159812, -0.014722576, 0.026816515, 0.051998418, 0.08570682, -0.013264677, 0.07395527, -5.5352895e-05, 0.0106967855, 0.12325878, 0.0024381161, -0.12087312, 0.08305609, -0.01819061, 0.010917679, 0.04864083, -0.051777523, -0.03492332, 0.020885516, 0.04106417, -0.004299147, 0.04435549, 0.027324572, 0.018223744, 0.028230237, 0.011320811, 0.031477377, 0.1750363, 0.042787142, -0.022752069, 0.058978662, -0.09224528, 0.016975693, 0.015882269, -0.083409525, -0.10638249, 0.023370571, 0.02697114, 0.024099521, -0.024011163, 0.03711017, -0.02918008, -0.03242722, 0.08261431, 0.059287913, -0.016136298, 0.042941768, -0.003456989, -0.0011935172, -0.007024425, 0.080626264, -0.017307034, 0.1908523, -0.02381236, 0.108238, 0.035431378, -0.029003365, -0.054693323]}, {'技能名': 'iOS 原生開發（iOS Native Development）: 熟悉 Swift、iOS SDK，進行新功能開發與系統重構;  \niOS 架構設計（iOS Architecture）: 掌握 MVC、MVVM、VIPER、Clean Architecture 等架構模式，設計高品質應用架構;  \nSwiftUI: 使用 SwiftUI 進行界面設計與模組化開發;  \nCombine: 運用 Combine 進行資料綁定、事件處理與反應式編程;  \nConcurrency（併發處理）: 掌握 Swift Concurrency（async/await）與相關新技術，提升應用效能與響應速度;  \n版本控制（Version Control）: 使用 Git 進行版本管理與協作;  \nCI/CD 流程（Continuous Integration/Continuous Deployment）: 實作自動化測試、部署流程，確保產品品質;  \n測試技術（Testing）: 進行單元測試（Unit Test）、UI 測試（UI Test）以確保程式穩定性;  \n效能優化（Performance Optimization）: 進行記憶體管理、效能調校與 App 生命周期管理;  \n網路安全（Network Security）: 保障應用資料傳輸安全，實務經驗包括網路安全措施;  \n應用上線與運維（Deployment & Monitoring）: App 上線流程、版本管理、Crashlytics/Monitoring 工具的運用;  \n大型系統重構（System Refactoring）: 參與大型架構調整與重構專案;  \n技術分享與社群（Tech Sharing & Community）: 參與技術分享、社群活動，促進技術交流;  \n後端與前端合作（Backend & Web Collaboration）: 了解後端技術（如 VueJS、ASP.NET）與合作模式;', '向量': [-0.078377336, 0.027099008, 0.06687161, 0.07175938, 0.054024998, -0.030581003, -0.03670153, 0.01943213, -0.00875365, 0.08092936, 0.03350069, 0.032873496, -0.09663078, 0.04606615, 0.057398856, -0.046455443, -0.14057745, 0.014317273, 0.025152551, -0.005796117, 0.021843573, -0.004625539, 0.093602955, 0.057269093, 0.036571767, -0.033370923, -0.036182474, 0.10415708, 0.0170315, -0.035641793, 0.0408756, -0.033349298, -0.0125005795, 0.040594444, 0.13106143, 0.05069439, 0.06034017, 0.025195805, 0.028785937, 0.012035592, 0.032657225, 0.0152905015, -0.039296806, -0.013030449, -0.046887986, -0.018599479, -0.15381336, -0.017842524, -0.07534952, 0.042584155, -0.08477902, -0.050997175, 0.05657702, -0.037955914, -0.05601471, 0.04288694, 0.023725148, 0.006661209, -0.05951833, 0.0742249, 0.097063325, -0.111164324, 0.059648097, 0.020394545, -0.021854388, -0.055495653, 0.0030521527, -0.04559035, -0.036420375, -0.054544054, 0.07020222, -0.0044308933, -0.08153492, 0.010678479, 0.07625786, 0.032159798, -0.009126721, 0.037999168, 0.046195913, -0.08153492, 0.0018883337, -0.013354858, -0.009337587, -0.1118564, -0.01866436, -0.022362629, -0.038950767, -0.11791205, -0.053981744, 0.044249456, -0.04727728, 0.11176989, -0.029672656, -0.029629402, -0.038345203, 0.036571767, 0.033306044, -0.011959897, -0.011170501, 0.09265135, 0.0996586, -0.06877482, -0.027272027, 0.040075388, 0.040637698, -0.10259991, 0.0055636233, -0.026904361, -0.0140253045, 0.031835385, -0.21956035, -0.02411444, -0.040248405, 0.033435807, 0.035922945, 0.03300326, 0.03235444, -0.12768759, -0.03365208, -0.057096075, -0.012781735, 0.04584988, -0.016004203, -0.03140284, -0.01898877, -0.028223628, 0.08919099, -0.034841582, -0.062632665, -0.0058555915, 0.13573293, -0.033976488, 0.09282438, -0.10086973, 0.051732503, -0.0029250924, -0.069596656, 0.032808617, -0.17474858, -0.04364389, 0.087114766, -0.07271098, 0.060686205, 0.011624674, -0.0017450529, -0.044141322, 0.03964284, 0.054198015, -0.077771775, 0.015009346, 0.021800319, -0.06561723, -0.14870931, -0.022795174, 0.100004636, -0.003019712, -0.014371341, 0.07483046, -0.022297747, -0.034171134, 0.03998888, -0.035922945, -0.043535758, 0.0911807, -0.017734386, -0.14395131, 0.0075587416, 0.040334914, -0.0686883, -0.03466856, -0.04805586, -0.13555992, 0.016328612, 0.033068143, 0.080150776, 0.0041848826, 0.05311665, -0.07682017, 0.0054338593, -0.0059583215, -0.033046514, 0.0469745, -0.15917693, -0.010927194, -0.13789567, -0.13045588, 0.031186568, 0.054976597, -0.094122015, 0.04814237, -0.032246307, 0.09905304, 0.012781735, 0.034755073, 0.123967685, -0.08689849, 0.01762625, -0.079588465, -0.02198415, -0.046368934, 0.020578377, 0.012608716, 0.072537966, -0.06120526, 0.095852196, 0.029759165, 0.007483046, 0.1166144, 0.02612578, -0.106492825, 0.068039484, -0.022081474, 0.035209246, 0.07539277, -0.072018914, -0.019572707, 0.056404, 0.018437274, -0.018047983, 0.02292494, 0.0013922575, -0.03181376, 0.03678804, 0.005969135, 0.08166469, 0.11773902, 0.06090248, -0.048099115, 0.061335023, -0.12587088, 0.01907528, 0.02787759, -0.08988306, -0.06648232, 0.03300326, -0.069683164, -0.017712759, -0.06942364, -0.0006390191, -0.039448198, 0.0029115754, 0.044984784, 0.0046769036, 0.02355213, 0.056663528, 0.026947616, 0.0014787667, -0.02011339, 0.04308158, 0.0016896329, 0.1795931, -0.009180789, 0.009510606, 0.047450297, -0.000989449, -0.10969367]}]"
